"Code","Departement.x","Taux_de_natalite_2023","Creations_d.entreprises_en_nombre_2023","Residences_principales_2021","Lycee_en_nombre_2023","Boulangeriepâtisserie_en_nombre_2023","Police_Gendarmerie_en_nombre_2023","Medecin_generaliste_en_nombre_2023","Nb_de_familles_2021","Nb_de_familles_monoparentales_2021","Nombre_de_mariages_2021","Taux_de_chômage_annuel_moyen_2023","Part_des_pers_de_15_ans_ou_._celibataires_2021","Part_des_personnes_de_15_ans_ou_._pacsees_2021","Part_des_personnes_de_15_ans_ou_._mariees_2021","Part_des_pers_de_15_ans_ou_._divorcees_2021","Mediane_du_niveau_de_vie_2021","Part_des_indemnites_de_chômage_dans_le_rev_disp_2021","Taux_de_pauvrete_moins_de_30_ans_2021","Taux_de_pauvrete_30_ans_à_39_ans_2021","Taux_de_pauvrete_40_ans_à_49_ans_2021","Taux_de_pauvrete_50_ans_à_59_ans_2021","Taux_de_pauvrete_60_ans_à_74_ans_2021","Taux_de_pauvrete_75_ans_ou_plus_2021","Taux_de_pauvrete_familles_monoparentales_2021","Nb_de_pers_non_scolarisees_de_15_ans_ou_._2021","Part_des_diplômes_d.un_BAC.5_ou_plus_dans_la_pop_non_scolarisee_de_15_ans_ou_._2021","Part_des_proprietaires_dans_les_res_principales_2021","Part_des_locataires_dans_les_res_principales_2021","Esperance_de_vie_des_femmes_à_60_ans_2023","Esperance_de_vie_des_hommes_à_60_ans_2023","Taux_de_mortalite_standardise_des_0_à_64_ans_2023","Taux_de_mortalite_standardise_des_65_ans_ou_._2023","Superette_epicerie_en_nombre_2023","Departement.y","Altitude_min","Altitude_max","Longueurcote","Nbre_victime_Autres_coups_et_blessures_volontaires","Nbre_infraction_Cambriolages_de_logement","Nbre_victime_Coups_et_blessures_volontaires","Nbre_victime_Coups_et_blessures_volontaires_intrafamiliaux","Nbre_infraction_Destructions_et_dégradations_volontaires","Nbre_victime_Escroqueries","Nbre_victime_Homicides","Nbre_Mis.en.cause_Trafic_de_stupéfiants","Nbre_Mis.en.cause_Usage_de_stupéfiants","Nbre_victime_Violences_sexuelles","Nbre_infraction_Vols_avec_armes","Nbre_véhicule_Vols_d.accessoires_sur_véhicules","Nbre_véhicule_Vols_dans_les_véhicules","Nbre_véhicule_Vols_de_véhicules","Nbre_victime.entendue_Vols_sans_violence_contre_des_personnes","Nbre_infraction_Vols_violents_sans_arme","DUPONT_AIGNAN","POUTOU","PECRESSE","JADOT","HIDALGO","LE_PEN","MACRON","MELENCHON","ROUSSEL","ZEMMOUR","Departement","Nb_jrs_enseillement","Departement_name"
"1","Ain",9.4,8311,"284904",37,462,44,435,"189398","26244",2181,"5.5","23.6","6","46.8","6.6","24810","2.8","15","11.8","12.1","10.3","8.4","8.3","24","485536","9.9","62.6","35.7",27.9,24.4,1.4,35.7,209,"Ain",163,17182,"",0.123644595978551,0.751928728711348,0.263104986365019,0.139460390386468,0.641870859167349,0.403779023999534,0.000785370170378063,0.0387152935150724,0.207754272693773,0.101035121887553,0.00558322084417942,0.130317055347677,0.220016494036224,0.167038058127375,0.462979386636675,0.0178824111757583,2.7,0.65,5.28,4.76,1.69,26.05,27.69,17.37,1.78,8.27,"Ain",182,"Ain"
"2","Aisne",9.6,4613,"232629",46,341,44,372,"149166","24519",1500,"10.5","25.5","5.2","42.1","6.1","20920","3","30.4","23.3","21.2","17.7","13.6","10.8","38","394405","4.6","61.7","36.6",26.3,21.9,2.1,43,158,"Aisne",36,295,"",0.184867442596011,0.635708874183328,0.41496833715767,0.230100894561659,0.891562745016983,0.381038061671446,0.00148183790401701,0.0350767146320557,0.256767948992004,0.142162337980632,0.006892702889679,0.140558561256288,0.245021066723231,0.18889579322517,0.502963899658614,0.0337325724983741,2.18,0.8,4.11,2.66,1.12,39.25,22.09,15.49,2.24,6.87,"Aisne",142,"Aisne"
"3","Allier",7.5,3403,"163550",29,279,30,278,"93300","13700",984,"7.8","24.6","5.1","42.2","7.7","21500","2.5","24.8","20.5","18.3","16.1","12.2","12.2","34.5","263288","5.3","65.2","32.8",27.2,23.1,2,37.1,197,"Allier",158,12873,"",0.149437039576814,0.454384408225546,0.310574259708884,0.161137220132069,0.835280283202861,0.428180212372742,0.000815776020463231,0.0494105297392926,0.295266571691015,0.114570845979804,0.00553996680144523,0.0808848093352218,0.14507590692013,0.104843242621721,0.515798649194551,0.0241420164059317,2.27,0.81,5.55,3.22,1.76,27.06,26.73,16.68,4.37,6.65,"Allier",161,"Allier"
"4","Alpes-de-Haute-Provence",7.8,2505,"80293",13,188,29,169,"47768","8352",566,"8.1","23.9","4.8","42.9","8.5","21790","3.1","24.2","20.7","20.1","17.2","13.8","12.9","34.1","129945","8.2","59.4","36.8",27.7,24.1,1.7,35.9,172,"Alpes-de-Haute-Provence",256,3410,"",0.178296793471128,0.443111099338183,0.373746984110314,0.195450190639186,0.895667187777037,0.452102397381491,0.00136323065217845,0.0387688201624409,0.439125080079627,0.115394735424831,0.00546504620110534,0.090531958319118,0.341681358720624,0.148605106918271,0.682339183979913,0.0328266096477432,2.59,0.89,3.97,4.09,1.44,26.9,21.51,22.61,2.81,8.2,"Alpes de Haute Provence",241,"Alpes de Haute Provence"
"5","Hautes-Alpes",7.8,2224,"68224",12,203,21,182,"39902","6023",496,"6.6","24","5.8","42.4","8.3","22010","3.5","22","17.4","16.9","14.7","11.4","11.2","30.4","110528","8.5","61.5","34.7",28.6,24.4,1.5,31.8,126,"Hautes-Alpes",460,4102,"",0.172915540798074,0.213576378625224,0.365254955750015,0.192339414951941,0.85532163546889,0.405586353644137,0.000886953694484566,0.0517801967916027,0.500611345118104,0.126630099417033,0.00310295232139404,0.0613417229897526,0.187751104871778,0.104332019447665,0.781546092633999,0.0273927944190551,2.48,0.93,5.23,5.81,1.69,22.84,23.78,22.87,2.23,7.15,"Hautes-Alpes",232,"Hautes-Alpes"
"6","Alpes-Maritimes",9.3,26816,"525827",75,1002,42,1392,"305636","57837",3921,"7.1","26.9","4.7","42.1","8.6","23460","3.3","23.1","18.2","18.3","15.8","14.2","13.5","27.9","841326","13.3","55.5","41",28,24.2,1.6,34.7,893,"Alpes-Maritimes",0,31204,"oui",0.229806962137374,0.60200715060914,0.470363902841239,0.240556940703864,1.06628677106918,0.543496239683829,0.00239642387350502,0.0797456011422374,0.366135366193408,0.10157773410848,0.0110531089700357,0.103730136295082,0.337770545764688,0.258345043721054,1.45479939462682,0.126759321915903,2.38,0.53,5.59,4.18,0.97,26.65,25,16.53,1.59,14,"Alpes-Maritimes",253,"Alpes-Maritimes"
"7","Ardèche",7.6,4028,"152629",26,361,35,259,"95704","13732",1099,"7.9","23.9","5.9","44.4","6.7","21990","3.1","21.2","18.5","17.5","14.5","11.4","11","32.2","257466","6.6","67.1","30.4",27.8,24.1,1.6,36.6,206,"Ardèche",38,17535,"",0.141920508045459,0.389563757975176,0.280832386494276,0.138911878448817,0.685230304139451,0.332073510598876,0.00113931162795356,0.0224831466423025,0.266623611059601,0.0998675156572397,0.00452691205377189,0.0970784034094492,0.202399792803484,0.162319524588032,0.457343348517437,0.0188701070615067,2.5,0.92,4.85,4.34,2.13,25.18,23.02,21.75,2.9,7.21,"Ardèche",182,"Ardèche"
"8","Ardennes",8.1,2560,"121918",21,229,33,219,"77143","12265",728,"9.7","24.7","5.3","43.4","6.3","20850","2.6","30.5","23.7","21.4","17.7","14.8","13.8","39.1","205211","4.4","60.5","37.8",26.6,22.8,2,38.7,95,"Ardennes",56,501,"",0.209301461814271,0.463039668486751,0.421540477792291,0.212239015978021,0.880884537604545,0.368324606697254,0.00129286861274166,0.0403416077748272,0.270392450809636,0.130230338404425,0.00349742649265822,0.0933823702977302,0.154628912280833,0.129472695975632,0.514344243625255,0.0354773233906738,2.21,0.83,4.15,2.57,1.3,36.02,23.64,16.64,2.25,6.55,"Ardennes",132,"Ardennes"
"9","Ariège",6.8,2065,"73990",13,163,21,142,"44007","7793",476,"9.4","26","5.1","40.6","7.5","20820","3.2","26.8","23.7","22.1","18.5","15","14.4","35.3","122142","6.7","66.9","30.1",26.7,23.5,2,41.3,104,"Ariège",197,3140,"",0.198015703484256,0.366085597254073,0.400117434076046,0.20210173059179,0.829163834093688,0.407518113397918,0.00138139203500913,0.0479014043180675,0.226324584752064,0.134850686496579,0.0019516129986112,0.0741943104757075,0.183019787514541,0.110681456659889,0.558468594309109,0.0148105083962276,1.77,0.79,2.97,3.29,3.5,23.94,19.71,26.07,2.95,6.35,"Ariège",178,"Ariège"
"10","Aube",9.2,3551,"143863",24,231,27,206,"86126","15251",882,"9.6","27.4","5.1","40.6","6.6","21530","2.8","27.2","21.3","19.8","15.9","11.8","9.5","36.4","230870","6.1","57.8","40.3",27.2,23,2.1,36.8,145,"Aube",58,372,"",0.215954054638276,0.611594108421007,0.440949093499236,0.224995038860959,0.835396632937117,0.457523352735253,0.00120844593849417,0.0461905115102034,0.204410926993161,0.133979738438722,0.00741014920402436,0.12807807403565,0.217806716052006,0.145212458559895,0.687488145854651,0.0494099542886332,2.65,0.71,5.96,3.09,1.15,32.95,25.6,15.02,2.07,7.6,"Aube",156,"Aube"
"11","Aude",8.1,5176,"179086",28,336,33,326,"108375","19229",1249,"10.2","25","5.2","42.7","8.1","20510","3.3","31.6","26.1","23.6","20.9","16.1","15.7","39.7","293875","6.6","62.1","35.3",27.2,23,2,39.2,286,"Aude",0,2469,"oui",0.195512979136838,0.55932319451509,0.385277248900402,0.189764269763564,0.983216283097862,0.395742765145671,0.00153888891375388,0.0489526214341349,0.23820748454766,0.117515046592171,0.00757306322908073,0.143384441444608,0.41795708512052,0.182913163923955,0.766674464436323,0.0439027429198543,1.98,0.82,3.46,2.98,2.9,30.14,20.29,19.79,2.65,8.68,"Aude",196,"Aude"
"12","Aveyron",7.1,3360,"132683",32,306,43,244,"79888","9933",846,"5.8","23.6","5.5","45.4","6","21860","2.3","20.6","16.5","15.7","13.5","11.5","14.7","29.8","220587","6.3","69.7","27.8",27.9,23.9,1.5,38,182,"Aveyron",140,14617,"",0.116706984491605,0.247778468359073,0.241817246712252,0.125110262220647,0.488453693412706,0.352160074506512,0.000804995144064846,0.0462559005188732,0.243929674814106,0.0977714728875251,0.00210305084525028,0.0529368806710339,0.103624949688124,0.0624596087200251,0.35757319525135,0.0132001529317207,2.03,0.79,5.84,3.95,2.62,20.1,27.75,19.15,2.64,5.92,"Aveyron",192,"Aveyron"
"13","Bouches-du-Rhône",11,40632,"935992",159,1791,48,2544,"561700","116044",7497,"8.6","29.3","4.8","41","7.9","22920","3.2","27","21","20.5","18.5","14.7","13.4","33.4","1508731","13.4","50.7","46.7",27.9,24.3,1.6,33.9,1448,"Bouches-du-Rhône",0,1041,"oui",0.257775702506372,1.0902406852728,0.48971882603244,0.231943123526068,1.20584853114631,0.5534507250359,0.00310017688853542,0.121034151698213,0.557507079717689,0.107435187261441,0.0337458941562726,0.267518618350921,0.761686381166155,0.510654291379,1.33128337681753,0.204705392205148,1.99,0.59,3.59,4.17,1.17,26.25,22.71,23.59,2.41,10.77,"Bouches-du-Rhône",235,"Bouches-du-Rhône"
"14","Calvados",8.7,8646,"324854",55,635,41,647,"195689","29190",2298,"6.4","26.9","5.9","41.3","6.4","22840","2.7","20.8","14.9","13.5","12.1","9.2","8.6","28.8","516030","9","57.2","41.2",27.5,23.1,2,37.7,324,"Calvados",0,361,"oui",0.168814252851061,0.316493468945358,0.343453441032381,0.174639188181319,0.767475888352416,0.390217418679545,0.000824854021289733,0.0439641122220433,0.293593937002992,0.139068497551577,0.0047896855768087,0.0863000011748457,0.227125197938162,0.105606278011114,0.639339235847803,0.0414133508724336,2.05,0.97,4.76,5.08,1.77,23.76,31.16,19.15,2.27,5.76,"Calvados",142,"Calvados"
"15","Cantal",6.6,1187,"69535",15,145,27,140,"41299","5154",368,"4.2","24.1","5.4","43.5","5.5","21710","1.9","17.8","13.7","14.4","13.5","12.8","16.2","24.9","116469","5.1","70.8","26.7",26.7,23.3,1.7,41.5,123,"Cantal",180,1855,"",0.11315080916974,0.185293826212954,0.255362195689416,0.142211386519676,0.573697651236122,0.370659482175149,0.000776429624475772,0.0342298948006568,0.16838095639123,0.1063663947543,0.00224571464200573,0.0545046874224601,0.112231260947282,0.0446301576101103,0.339084879945017,0.0119976378127142,1.76,0.74,7.93,3.12,2.05,24.48,28.42,14.69,2.83,5.57,"Cantal",185,"Cantal"
"16","Charente",8.2,4090,"167144",32,292,29,241,"101697","15329",1108,"6.9","23.8","5.6","43.4","7.1","22000","2.8","23.8","18","16.2","14.1","11.9","13","31.2","275307","6.4","66.8","31.3",27.3,23.2,2,40.1,110,"Charente",2,368,"oui",0.167185214568897,0.500813726615926,0.346991412403584,0.179806197834687,0.815333216820381,0.521351231194445,0.00120829824583241,0.0536180399190006,0.197980205807614,0.13999227908326,0.00455008765946412,0.0966078728710772,0.270557192418726,0.12860346997826,0.559167855853326,0.0388413223917367,2.26,0.92,4.33,3.92,2.08,26.18,27.57,19.36,2.79,5.51,"Charente",177,"Charente"
"17","Charente-Maritime",6.8,8953,"319711",47,655,45,675,"194446","27506",2212,"6.8","22.6","6.2","44.1","7.6","22810","3","20.1","15.1","13.7","12.6","9.5","10.6","27.4","521648","7.4","65.6","32.4",27.9,23.4,1.9,37.4,309,"Charente-Maritime",0,173,"",0.163738524571464,0.495928353976976,0.33522565534377,0.171487130772306,0.883110943324377,0.386253145735042,0.00095965117923954,0.0446081038536679,0.295395999511093,0.129253054823635,0.00604915244014889,0.144967235200827,0.28173070275514,0.201284708188213,0.789358770937856,0.0375624643919196,2.36,0.86,4.9,4.82,1.74,25.32,28.87,18.18,2.54,6.18,"Charente-Maritime",137,"Charente-Maritime"
"18","Cher",8.1,2974,"142699",21,212,27,189,"84879","12919",884,"7.3","24.7","4.9","43.2","6.5","22100","2.5","23.8","18.5","17.1","13.7","11.2","10.4","32.5","233990","5.9","67.3","30.8",26.5,22.2,2.3,41.9,134,"Cher",87,502,"",0.15820365319537,0.597557531506209,0.31950065070278,0.16129699750741,0.790880194157468,0.395074669028181,0.000868453164776998,0.0296893407453387,0.261368984036453,0.112373490845032,0.00437029367040341,0.124901266239474,0.153389112567728,0.132867992842658,0.501893873548132,0.0346136034010757,2.35,0.91,5.07,3.13,1.61,27.89,27.1,17.38,3.58,6.74,"Cher",169,"Cher"
"19","Corrèze",7.1,2579,"115425",24,259,31,193,"68096","9440",688,"6","23.8","5.5","42.9","6.8","22140","2.5","20.8","16.5","15.1","12.6","10.6","12.8","28","190007","6","68.7","29",27.5,23.3,1.7,38,126,"Corrèze",82,977,"",0.141675622376301,0.286636551897331,0.314059897491207,0.172384275114907,0.596175868007284,0.407876924943086,0.000833540863582828,0.0507991609890879,0.294340523000118,0.111167645239881,0.00260155225943612,0.0622408091222211,0.133426554265545,0.0678979751657736,0.445025400047062,0.0173174117537462,1.84,0.83,8.61,3.53,2.53,22.2,23.23,19.45,4.41,5.62,"Corrèze",177,"Corrèze"
"24","Dordogne",6.6,5386,"199474",33,398,46,308,"122907","17755",1771,"7.1","22.2","4.8","44.7","7.4","21410","2.7","24.6","19.7","18.6","16.8","13.3","14.8","31.8","332926","5.8","68.7","28.7",27.6,23.2,2,38,219,"Dordogne",2,491,"",0.126961403709326,0.4672003025061,0.289652007947279,0.162690604237953,0.620657030635839,0.375019807340652,0.00117898058120492,0.0460226471701103,0.161767386009517,0.117108107995504,0.00347497077862031,0.0706551900209411,0.143305937754286,0.0961187901672511,0.473655376379808,0.019490730610249,1.75,1.06,4.7,5.28,2.26,21.79,31.02,20.26,3.17,4.73,"Dordogne",175,"Dordogne"
"25","Doubs",9.4,6172,"251334",41,403,36,518,"148843","22883",280,"6.5","27.4","6.3","42.5","6.9","23890","3.1","20.7","14.7","15","11.9","9.8","9.5","27.7","396259","8.4","59.8","38.3",27.4,23.6,1.9,36.4,200,"Doubs",198,1463,"",0.210395166355425,0.405469425943842,0.414360596390499,0.203965430035075,0.767777459053598,0.425881970611679,0.00128679255582441,0.0736501281885456,0.247284385888488,0.110352586685672,0.0117562848539836,0.084975468046592,0.210636245662872,0.110277063749041,0.567956272954634,0.0467905916742715,2.33,0.99,6.57,2.85,2.45,25.09,23.25,20.46,3.64,5.24,"Doubs",164,"Doubs"
"26","Drôme",9.2,7395,"236179",43,470,39,448,"147093","22316",1345,"8","24.4","6","44","7.4","22450","3.2","19.9","17.2","17.6","14.3","11.4","10.8","30.8","390666","8.7","62.1","35.8",27.8,24.2,1.6,35.2,322,"Drôme",46,2454,"",0.18221134562268,0.724930532348149,0.362588415061907,0.180377069439227,0.897662027112408,0.421015085957521,0.00171955904200361,0.0571232811811038,0.282898329676674,0.11235664360431,0.00952425982514918,0.17445606204043,0.437296827566364,0.273152038620537,0.745822552800616,0.0522787627272775,2.2,0.9,4.58,3.47,2.17,25.68,23.74,20.3,3.59,6.41,"Drôme",220,"Drôme"
"27","Eure",9.5,6758,"258119",38,400,39,358,"172902","26444",1687,"7","24","5.9","44.2","6","22880","2.8","19.3","15.4","14.5","11.9","9.1","8.3","28.9","443060","6.3","65.4","33",27,22.9,2,38.5,205,"Eure",0,251,"",0.15861127811064,0.525477760434029,0.36022849274907,0.20161721463843,0.700810831290214,0.397285167773298,0.00118786779948831,0.0411357798352802,0.272594344714533,0.132537313413824,0.00606141802097325,0.125144559347953,0.184209048220545,0.175564471252094,0.438696113867318,0.0374657453414423,2.81,0.85,5.45,4.73,1.77,24.07,27.55,20.06,1.8,7.03,"Eure",134,"Eure"
"28","Eure-et-Loir",9.8,4975,"187811",30,275,35,245,"122233","17457",1973,"6.8","24.2","5.6","45.2","6","23360","2.7","18","14.7","14.1","11.7","8.6","7.8","27.2","320135","6.7","66.2","32.2",27.1,23.1,1.9,40.2,178,"Eure-et-Loir",52,286,"",0.14957797109001,0.464908060577511,0.345236795100473,0.195658824010463,0.735121378701961,0.388255386492987,0.00118613187870988,0.0604945647262115,0.237909920755391,0.131022155099316,0.00541116725398912,0.115524794064834,0.162224056698454,0.128904415191684,0.438467869950483,0.0301391689602247,2.66,0.72,4.53,4.88,1.82,24.22,24.78,22.39,2.32,7.55,"Eure-et-Loire",149,"Eure-et-Loire"
"29","Finistère",8,9368,"440960",83,672,50,927,"252679","35570",2099,"6.2","26.4","6.7","42.4","6.3","23220","2.6","19.3","12.3","11.6","10.7","8.1","8.9","25.9","696705","9","69","29.6",27.2,22.7,1.9,39.7,332,"Finistère",-2,387,"oui",0.147966149491598,0.338010133240929,0.292833509965079,0.144867360473481,0.809021145825634,0.408437755183805,0.00102245771426679,0.0416564029620034,0.247885432129997,0.109291092617357,0.00528493615673526,0.0909434098475341,0.203654413280124,0.103398847757038,0.613077879306419,0.0443829072507596,2.37,0.85,4.25,3.6,1.26,32.29,26.05,17.43,2.21,6.56,"Finistère",138,"Finistère"
"30","Gard",8.8,12064,"346497",45,672,46,652,"215369","37860",2774,"10.1","25.6","5.3","43.8","7.9","21330","3.3","28.9","23.3","22.8","19.7","16.1","14.6","37.1","571258","8.1","59.4","38",27.7,24,1.7,36.8,565,"Gard",0,156011,"oui",0.195540559960554,0.725684991178152,0.385076555990207,0.189535996029653,0.83957469701701,0.437483751948936,0.00139906549482821,0.0492147446514303,0.22242127118411,0.106280720954909,0.00933404296065879,0.173973712134024,0.404696408349946,0.240937708480841,0.844282979869715,0.0730661902666116,1.97,0.65,3.73,3.62,1.59,29.34,21.32,21.46,2.93,9.29,"Gard",238,"Gard"
"31","Haute-Garonne",9.8,24977,"680695",91,944,67,1476,"383811","67386",4292,"7.3","31.5","7","37.6","6.8","24230","3.2","26.1","15.3","14.5","12.9","10.6","11.1","28","1016119","18.8","51.8","46.3",28.5,24.7,1.4,32.9,610,"Haute-Garonne",85,3222,"",0.198676055142771,0.98928167578965,0.384018532615505,0.185342477472735,0.841808059912748,0.573400484256981,0.00104452599838151,0.0905693228484933,0.245540270614115,0.109432888365655,0.0117152768171125,0.153451785471188,0.773300792594233,0.192248055591985,1.30610068028583,0.130933995944649,1.7,0.67,3.71,5.83,2.69,18.23,26.91,25.84,2.23,6.92,"Haute-Garonne",146,"Haute-Garonne"
"32","Gers",6.6,2421,"90667",21,170,27,173,"56458","8223",621,"5.7","23.2","6.2","43.6","7.1","22110","2.7","23.5","16.7","15.8","14.4","12.7","16.3","27.6","152659","7.3","68.8","28.3",28.1,24,1.6,36.8,99,"Gers",57,386,"",0.103836841566832,0.45752311946294,0.260803743319438,0.156966901752606,0.534723481863943,0.410108478373595,0.00097796442111988,0.0282888340040152,0.216492538731722,0.105147250536641,0.00273987977761366,0.0715836766769462,0.156165517518623,0.0828203294091822,0.424478304009907,0.0162479956095684,2.08,0.68,4.4,3.51,3.32,22.35,24.89,18.34,2.69,7.21,"Gers",111,"Gers"
"33","Gironde",9.2,31655,"775339",112,1136,77,2019,"462366","75532",5572,"6.5","28.3","6.7","39.7","7","23950","3.2","22.2","13.9","13.5","12.1","9.9","10.1","25.8","1209391","13.3","54.8","43.1",28,24.2,1.5,34.8,618,"Gironde",0,167,"oui",0.194947883716609,0.860311464410877,0.379546129426173,0.184598245709564,0.979045257625615,0.478418166010757,0.000986447699595913,0.0511421032315723,0.203873935049886,0.129395589027723,0.011093163906472,0.147017364731606,0.592670261220078,0.221097096803439,1.18634075851107,0.106044435390892,1.76,0.98,4.21,5.23,2.2,21.47,28.72,21.84,2.41,6.54,"Gironde",173,"Gironde"
"34","Hérault",9.1,24039,"572334",73,1022,43,1379,"329976","61138",4076,"10.1","29.2","5.6","39.6","7.7","21800","3.6","31.5","21.7","21.7","19.1","15","13.6","33.9","877332","12.9","53.2","44.4",28,24.2,1.6,35,879,"Herault",0,1152,"oui",0.248441564898493,0.694462821588245,0.439789213983121,0.191347649084629,1.01839021308731,0.512431965507656,0.00145437527444938,0.0662792183716629,0.35811347549505,0.116296456020221,0.0163500031531257,0.159309701999204,0.513842927934048,0.246760193094431,1.45440119992981,0.136786222985948,1.8,0.69,3.64,4.39,1.9,25.95,22.28,24.24,2.22,9.04,"Hérault",230,"Hérault"
"35","Ille-et-Vilaine",9.8,14003,"497054",83,762,42,996,"298074","39783",3077,"5.6","28.3","8","40.9","5.4","23690","2.7","20.2","12.1","11.2","9.4","7.5","8.6","27.1","777675","12.7","59.8","39.1",28.4,24.2,1.5,34,374,"Ille-et-Vilaine",0,258,"oui",0.152509724630788,0.39219649512243,0.311195361935574,0.158685637304786,0.728732396687439,0.420239211232482,0.000770720804477167,0.0575581318199438,0.225802650531479,0.115315693293372,0.00678357671993396,0.1193899776436,0.252643786071497,0.120979348462242,0.775852258449069,0.0598247983039317,1.77,0.9,4.39,7.14,2.34,17.06,34.5,22.2,2.13,4.6,"Ille-et-Vilaine",144,"Ille-et-Vilaine"
"36","Indre",7.6,1928,"105709",17,181,24,141,"61822","9277",594,"7","24.2","4.7","42.8","6.4","21270","2.6","24.8","19.9","17.5","14.6","11.6","12","33.4","173149","4.7","68.4","29.5",27.1,22.6,2.2,39.2,117,"Indre",59,467,"",0.154400587401429,0.415794615030732,0.319854493230169,0.16545390582874,0.68943154630736,0.380582191214999,0.000800937658556861,0.0328064297354784,0.260836797581204,0.115510663449502,0.00199685208168419,0.137983333428398,0.1697642575397,0.128649106882752,0.453770556386774,0.021364913133232,2.39,0.95,5.45,3.08,2.04,28.53,26.03,17.32,3.06,6.15,"Indre",163,"Indre"
"37","Indre-et-Loire",9.1,7787,"289137",42,392,34,591,"169444","24093",1970,"6.6","26.6","6","42.1","6.5","23140","2.8","22.4","15.1","13.8","12","9.4","9.3","29.5","449742","10","58.9","39.7",28.5,24.3,1.7,32.7,225,"Indre-et-Loire",25,186,"",0.152263301264599,0.495181423517153,0.3144761185761,0.162212817311501,0.761925096135336,0.500667912984849,0.0010040532334713,0.0392310651851145,0.176454351543042,0.128163265089079,0.00893202281282123,0.174612669009757,0.388924280328351,0.152695549579744,0.811808659413766,0.0767450726692205,2.22,0.88,4.97,4.96,1.9,21.54,30.99,20.77,2.39,6.09,"Indre-et-Loire",165,"Indre-et-Loire"
"38","Isère",9.6,18655,"565306",93,938,60,1212,"357567","53344",4307,"6","26.5","6.4","43.7","6.7","24270","2.8","20.3","13.8","13.2","10.7","8.5","8.8","25.8","921316","13.4","61.2","36.9",28.5,24.6,1.3,33.6,657,"Isère",134,4088,"",0.189346828356287,0.907873991958079,0.36618056737251,0.176833739016224,0.897513989692757,0.458744096135491,0.00102090637375206,0.0432391672749472,0.281198155640258,0.108765758481682,0.0147947145435119,0.16298948919015,0.553611011404838,0.235071434835208,0.932609404175829,0.0827989243253156,2.13,0.72,4.25,6.01,1.89,23.03,26.85,22.83,2.19,7.06,"Isère",183,"Isère"
"39","Jura",8.1,2857,"121244",28,242,31,218,"73586","10345",800,"5.3","23.8","5.8","43.9","7.2","23140","2.6","16.6","13.8","13.4","11","9.3","9.8","25.3","198968","5.9","66.3","31.6",28,23.8,1.8,36.3,121,"Jura",177,1495,"",0.146501462692498,0.334397455038439,0.301853169057266,0.155351706364769,0.695918786903872,0.388589609208448,0.000433597170802151,0.0480612771283188,0.254506409332622,0.130312573326369,0.00255449638763547,0.0970335534707497,0.180439009097775,0.111529786723136,0.468101590503761,0.0177864843820423,2.85,0.92,5.11,4.4,1.81,26.29,24.88,19.89,2.18,6.65,"Jura",166,"Jura"
"40","Landes",7.1,6353,"197595",29,373,36,435,"125207","17839",1378,"6.8","22.4","7.1","44.3","7.1","22840","3.2","17.8","13.6","13.1","11.7","9","10.2","26.3","332934","6.5","66.4","31.3",27.4,23.9,1.6,38.6,212,"Landes",0,237,"oui",0.144889497403395,0.393405802340547,0.301917063804012,0.157027566400617,0.674697527071093,0.432469806315975,0.000870885361898592,0.0884854507984855,0.205977292969313,0.124498336521406,0.00199159468898632,0.0880613286598787,0.2340938839422,0.109534195816697,0.763676976862153,0.0294959259031934,1.9,0.77,4.03,3.34,3.52,22.73,26.92,17.26,3.17,6.52,"Landes",177,"Landes"
"41","Loir-et-Cher",8.7,3559,"151350",22,254,26,233,"94209","12839",1004,"6","22.7","5.4","45.2","6.5","22510","2.7","20.3","17.6","15.8","12.5","9.1","8.5","28.2","252975","6.2","68.4","29.8",28,23.4,1.8,36.2,162,"Loir-et-Cher",53,258,"",0.138665333014809,0.482392083750167,0.317472942205423,0.178807609190614,0.688878836272715,0.38708531677466,0.000794661663363494,0.0255669164540429,0.208770824117947,0.128576705341358,0.00556704450041241,0.134857362350873,0.210243883935844,0.202752450905182,0.494078694124942,0.0291504358577484,2.45,0.84,5.3,3.93,1.75,27.77,27.92,16.8,2.49,7.03,"Loir-et-Cher",163,"Loir-et-Cher"
"42","Loire",9.4,9796,"347922",81,671,37,684,"210396","30813",2436,"7.4","25.8","5.2","45.1","6.6","21970","2.8","25.4","18.6","18.4","14.9","11.1","10.6","32.7","565461","7.2","58.6","39.7",27.9,24.1,1.5,34.1,407,"Loire",130,163113,"",0.180963364789064,0.64293578161414,0.344688858412273,0.163725493623209,1.00755213301055,0.430015957790262,0.00101136884581358,0.0385829046125823,0.286100463692774,0.0920744038430042,0.00817208275572476,0.148229506774598,0.280388253295458,0.187865091799294,0.674860762628304,0.0759254545318629,2.34,0.72,4.8,4.32,1.81,25.33,26.95,20.25,2.34,7.44,"Loire",153,"Loire"
"43","Haute-Loire",7.8,2472,"104315",25,260,32,210,"64365","7900",687,"5.6","24.1","5.7","44.8","6","22100","2.6","16.8","12.8","12.8","12","10.4","12.6","27.1","175114","5.6","70.4","27.4",27.7,23.2,1.8,36.7,127,"Haute-Loire",393,1749,"",0.120558285033522,0.345576731815874,0.248155842402657,0.127597557369135,0.615528730839311,0.381434744307168,0.000659594323249904,0.0480370899948217,0.352048317595509,0.103137279757424,0.00285865777568437,0.0627298676496517,0.130400582674954,0.0805880285182129,0.357260554723595,0.016381232001434,2.41,0.86,6.85,4.15,1.78,27.66,23.21,17.42,2.5,6.82,"Haute-Loire",164,"Haute-Loire"
"44","Loire-Atlantique",9.9,19621,"661971",114,880,50,1379,"401171","55434",4672,"5.5","26.9","7.7","42.4","5.8","24120","3","18.1","11.6","10.9","9.9","8","8.2","26.4","1047816","13","61.2","37.6",28.1,23.8,1.6,35.8,498,"Loire-Atlantique",0,119,"oui",0.173860784708512,0.798643874025409,0.332016524544379,0.158155739835867,0.848761831522973,0.449839673854819,0.000917696312964147,0.0474460379576405,0.215457046936218,0.121086252076786,0.0140209650837925,0.252993514576593,0.765392830805079,0.294909692129127,1.08844780919246,0.093597595829159,1.84,0.91,4.68,7.49,2.29,16.91,31.98,23.43,2.28,5.33,"Loire-Atlantique",170,"Loire-Atlantique"
"45","Loiret",10.3,8337,"304994",43,418,32,430,"191053","29519",2144,"7.2","26.1","5.6","43.9","6.3","23090","2.7","21","17.4","16.5","12.8","9.4","7.8","29.2","499800","8.9","62.3","36",27.6,23.7,1.8,36.6,254,"Loiret",67,281,"",0.175284950696732,0.624079878965044,0.375010875596112,0.19972592489938,0.689758641444712,0.500928690184728,0.00113797050289341,0.0394327990007373,0.249211771149389,0.132178341713967,0.007491783516993,0.13572009935512,0.244954756952409,0.144278335621265,0.580284015768144,0.0557904773329252,2.29,0.73,5.39,4.29,1.69,25.59,28.92,18.93,2.24,6.82,"Loiret",155,"Loiret"
"46","Lot",6.4,2000,"85997",16,189,24,143,"51481","6903",568,"7.3","22.3","5.2","45","7.1","21910","2.8","22.6","17.6","17.9","15.6","12","14","30.5","141539","7.3","70","27.2",27.9,23.7,1.8,38,139,"Lot",65,776,"",0.12543885174054,0.384211367344847,0.256892331491321,0.131453479750782,0.580314266042845,0.434491553076881,0.000501739038169919,0.0377048098161073,0.237612309907545,0.11926610358123,0.0022950650015016,0.0802168907755686,0.122064437226699,0.0945715187987612,0.441216977375308,0.0180731696070473,2.19,0.89,5.16,4.21,2.53,19.58,24.97,23.71,3.25,5.6,"Lot",176,"Lot"
"47","Lot-et-Garonne",8.3,4060,"155328",29,270,34,229,"95879","14745",990,"7.2","23.5","5.1","44","7.6","21050","2.9","24.3","20.2","19.8","17.7","14.3","15.9","33.1","258240","5.8","64.9","32.7",27.9,24.2,1.9,35.9,147,"Lot-et-Garonne",12,284,"",0.187595861675392,0.690182821370577,0.383471035785833,0.195875174110441,0.71346026304549,0.446618637655939,0.00169556591783944,0.0332460076112909,0.159628075892079,0.118058020244757,0.00425597018517217,0.0902711952910893,0.218198930137377,0.125475319721647,0.653137161036197,0.0344702126701955,2.12,0.78,4.18,3.09,1.82,27.32,23.12,18.49,2.7,8.5,"Lot-et-Garonne",172,"Lot-et-Garonne"
"48","Lozère",7.1,773,"36028",12,93,25,70,"20823","2642",185,"4.7","27.4","5.3","41.6","5.7","21580","2.3","19.7","16.2","17","15.2","12.5","16.2","28.3","59804","6.3","65.5","30.9",27.6,22.8,1.8,38.8,60,"Lozère",194,1699,"",0.144846855361955,0.181206841970501,0.270103778975634,0.125256923613679,0.516867333159985,0.310449169519804,0.000163183248260466,0.0341265648382392,0.201038145704421,0.121662115621409,0.0019589418322959,0.0809986054438543,0.148107600336636,0.0560122023512795,0.365178507585744,0.00832852362045986,1.94,0.91,6.47,3.69,2.22,22.34,22.85,19.48,2.86,6.7,"Lozère",192,"Lozère"
"49","Maine-et-Loire",9.6,9146,"367540",74,527,40,776,"238324","28851",2624,"6.3","26.1","6.2","44.8","5.3","22500","2.7","19.4","13.3","12.2","10.2","8.4","8.9","30.4","593824","8.4","60.5","38.6",28.4,24.3,1.5,33.2,273,"Maine-et-Loire",0,216,"",0.123663794754845,0.428564214899916,0.261962643531389,0.138298848776544,0.715846277136016,0.387581354377876,0.00105281712550144,0.0351885998972779,0.152653922306533,0.128300238718716,0.00462706730303506,0.161564514700444,0.22640819485435,0.143187421292583,0.55067786025652,0.0339121615694298,2.13,0.83,4.88,6.04,1.99,20.26,35.59,18.27,1.89,4.92,"Maine-et-Loire",159,"Maine-et-Loire"
"50","Manche",8.1,4183,"233194",47,436,43,353,"144474","17788",1458,"5.2","22.6","6.2","45.3","5.9","22480","2.2","15.8","13.2","12.9","11.4","9.4","10.8","28","384943","5.8","63.8","34.9",27.5,22.9,2,40.1,225,"Manche",0,367,"oui",0.121855616560566,0.207291110780305,0.267238388419644,0.145382771859078,0.61102023370131,0.327881271213373,0.000856976150632809,0.0397732133547361,0.179758290960197,0.130162491901252,0.00229276342459272,0.0576242870523826,0.110605518727247,0.0735025989460387,0.403087573303598,0.0142135390897895,2.42,0.96,5.18,4.17,2.06,24.53,32.57,16.5,2.59,4.92,"Manche",140,"Manche"
"51","Marne",9.2,7177,"263408",37,450,40,513,"154951","24857",1669,"7.3","28","5.9","40.8","6.2","22830","2.6","25.5","18.9","16.9","13.3","10.1","8.7","33.5","411076","8.6","52.2","46",27.5,22.8,1.9,36.7,263,"Marne",51,286,"",0.206288702764162,0.572457954261003,0.428898176648837,0.222609473884675,0.961355301857233,0.457975306443852,0.00127921518094537,0.0376194473241612,0.286828591696819,0.121324759353427,0.00881582599358483,0.16607914979929,0.33049872040142,0.213764475574202,0.678014892466306,0.0767153771452906,2.25,0.69,5.24,3.49,1.29,30.56,28.63,15.64,1.94,7.11,"Marne",149,"Marne"
"52","Haute-Marne",8.3,1395,"81202",19,136,25,116,"48272","7134",470,"6.5","24.7","5.2","42.5","6.7","21350","2.5","22.5","19.3","17.8","14.3","11.5","11.6","33.1","134691","4.1","64.8","33.1",27,22.9,2.1,38.9,56,"Haute-Marne",114,523,"",0.201596652083416,0.450688084171798,0.406644402304057,0.20504775022064,0.829681594620728,0.381805331517891,0.000797525122766547,0.0414992739379383,0.33071341976981,0.146998259967739,0.00345561625766137,0.17733000469793,0.21915005197049,0.131001849371231,0.436967607992173,0.0194905314534373,2.75,0.8,5.16,2.75,1.39,36.6,23.33,14.1,1.95,6.88,"Haute-Marne",149,"Haute-Marne"
"53","Mayenne",9.6,2987,"136410",30,220,26,191,"86777","9411",887,"4.8","23.2","6.1","47","4.9","22230","2.2","16.5","13","12.2","10.9","8.6","10.7","29","227591","5.6","67.1","31.8",28.4,23.5,1.6,37.7,114,"Mayenne",19,416,"",0.11230125407818,0.305600088180718,0.2919329489776,0.179631694899419,0.571922061809428,0.375773852903526,0.000896284647995792,0.0385887470053378,0.299407642615994,0.127150117254382,0.00305751296320928,0.0913091840274591,0.1550051275778,0.070466755360046,0.425944895080609,0.0257576066325508,2.31,0.82,5.53,4.75,2.08,22.39,36.4,15.34,1.98,4.82,"Mayenne",152,"Mayenne"
"54","Meurthe-et-Moselle",8.1,8340,"340672",53,515,54,719,"198409","33118",2278,"7","29.6","5.9","40.4","6.6","23010","2.5","26.7","18.3","17.2","13.9","10.6","10.2","30.9","530424","9.1","57.4","41",27.1,22.7,2,39.4,212,"Meurthe-et-Moselle",171,730,"",0.200804538488025,0.403246323438744,0.405975326761273,0.205170788273248,0.869555481947376,0.435296385093447,0.00102297719748833,0.056696625458501,0.293148743944891,0.124823387850932,0.00615600961522284,0.105372919727949,0.215523317919518,0.116162003211142,0.683831795481869,0.0375122678551134,2.06,0.91,3.78,4.12,1.8,27.49,26.92,20.89,2.25,6.65,"Meurthe-et-Moselle",152,"Meurthe-et-Moselle"
"55","Meuse",7.8,1606,"83343",21,169,25,139,"51650","7707",515,"7.3","24.7","5.5","43.4","6.3","21890","2.3","25","17.9","15.8","13.6","11.5","12.1","33.1","140847","4.3","67.6","30.1",26.7,22.7,2.3,38.9,55,"Meuse",124,451,"",0.186524633780973,0.48163016914917,0.3606924761627,0.174167842381727,0.763011894928618,0.365422702121556,0.000881877834424291,0.0698908926965323,0.32544341580721,0.128044315090424,0.00413638931627885,0.114452267102364,0.166390256000968,0.14199272441784,0.447096731492089,0.0202003489145311,2.46,0.9,4.47,3.18,1.51,35.11,24.91,13.76,1.99,7.46,"Meuse",144,"Meuse"
"56","Morbihan",8,8682,"362647",54,647,39,730,"217270","28414",2421,"5.8","24.2","6.3","44.6","6.4","23140","2.7","18.3","13.5","12.5","11","8.1","8.9","27.1","589836","7.8","68","30.7",27.6,23.3,1.8,38.9,336,"Morbihan",-1,301,"oui",0.146246909778416,0.397749562551932,0.301973834432745,0.155726924654329,0.636579878444587,0.394631588934018,0.000951130197775168,0.0490502036984922,0.172306913781219,0.117160314223174,0.00325421410927073,0.141860131121137,0.209574992709273,0.100577075088253,0.557145250829161,0.0238488414096011,2.05,0.94,4.89,5.78,1.77,22.01,32.68,18.02,2.47,5.69,"Morbihan",155,"Morbihan"
"57","Moselle",8.2,11563,"471186",67,829,70,809,"300465","47356",3538,"7.1","25.8","5.2","45.4","6.7","22980","2.7","24.4","20.1","19.2","13.7","11","11.6","32","795580","8.1","59.9","37.6",26.5,22.9,1.8,39.7,291,"Moselle",145,986,"",0.163851349660215,0.510250145537742,0.345126998715767,0.181275649055552,0.771506126948419,0.322709492166127,0.00131316717451361,0.0494654954830653,0.2106764250138,0.0935198325808313,0.00576702909076748,0.0916986805695577,0.236424348720131,0.10312237369106,0.536066328180303,0.0376114996879021,2.41,0.83,3.68,3.61,1.44,30.37,26.01,19.1,1.67,7.51,"Moselle",151,"Moselle"
"58","Nièvre",7.3,1874,"100574",21,178,29,136,"57094","8441",579,"6.7","24.2","4.4","42.4","6.9","21380","2.2","25.4","20.6","19.2","16.8","12.3","10.7","32.6","162120","5.1","68","29.7",27,22.4,2.6,38.1,98,"Nièvre",132,857,"",0.130804968116078,0.525702990885591,0.278640447874012,0.147835479757934,0.761438565086734,0.449997285377482,0.000794996698453276,0.0282414590987903,0.214444803419816,0.123611054264548,0.00482162282837104,0.128495368541611,0.139810575632519,0.165849118071749,0.490124952305595,0.0226286959504203,2.22,0.9,4.6,3.16,1.92,29.2,25.51,17.72,3.81,6.56,"Nièvre",163,"Nièvre"
"59","Nord",10.5,31943,"1137172",190,1552,119,2454,"711570","132159",8692,"9.6","29.4","5.5","40.5","6.3","21340","2.9","30.3","22.6","21.3","18.3","14.1","12.7","38.2","1844595","10.3","54.4","44.2",26.5,21.9,2,39.9,920,"Nord",-4,271,"oui",0.238153225093408,0.792449234475658,0.507430918156939,0.269277693063531,1.06987946491311,0.412774350462988,0.00127966021954576,0.0677113360569799,0.38294692699166,0.142832996491034,0.0131394998215283,0.185074550114142,0.577908951520754,0.274340772034296,0.868357313187273,0.132358986387915,1.62,0.65,3.33,3.68,1.43,29.27,26.37,21.95,3.6,5.74,"Nord",125,"Nord"
"60","Oise",10.3,9733,"345878",59,493,46,509,"234140","38539",2412,"7.4","26.3","5.5","43.4","5.9","23330","2.9","20.2","16.3","15.3","12.1","9.5","8.7","28.3","600170","7.7","61.3","36.8",26.7,22.8,1.7,40.4,303,"Oise",22,239,"",0.172606200395544,0.579157157940855,0.394486627933493,0.221880427537949,0.837630142634216,0.403696533863722,0.000951961626144531,0.050777787691687,0.312845201453895,0.126568407212961,0.0108160530398705,0.214618494629329,0.294736454508419,0.322908365693457,0.533772764412811,0.0530613557482183,2.28,0.74,4.24,3.35,1.03,32.27,24.3,19.3,2.2,7.37,"Oise",141,"Oise"
"61","Orne",8.5,2422,"129649",36,237,30,191,"78211","10384",825,"6.5","24.1","4.6","44.4","6.2","21400","2.4","23","19.9","18.2","15.4","11.5","10.7","33.8","215270","4.9","64.5","33.9",27.5,23.2,2.1,37.4,130,"Orne",46,413,"",0.149720908932453,0.385093811579435,0.32816826267911,0.178447353746657,0.710889161445881,0.366207631573629,0.00102854593987045,0.0381066916802286,0.219438268393044,0.147091485749551,0.00307382328296449,0.115433663325745,0.125354438324866,0.106631213606371,0.417831521392315,0.0202120964921805,2.53,0.88,5.85,3.65,1.57,27.69,30.48,15.23,2.16,5.9,"Orne",144,"Orne"
"62","Pas-de-Calais",9.6,12929,"627065",93,978,78,1223,"417846","69338",4646,"8.5","25.3","6","42.7","6","20720","2.7","29.1","22.2","19.9","16.6","13.5","13.3","38.1","1075789","5.1","58","40.4",26.3,21.6,2.4,41.9,448,"Pas-de-Calais",0,211,"oui",0.21863584627658,0.544794635532057,0.493635447752245,0.274999601475665,1.02542000136788,0.337132681598146,0.00116049196991159,0.0416286305760571,0.289509515908697,0.149487735944281,0.0071212797091535,0.121353475392194,0.264138364332843,0.139655887598806,0.515942156032868,0.0493435578495617,1.77,0.69,3.2,2.44,1.47,38.68,24.61,15.78,3.31,5.16,"Pas-de-Calais",130,"Pas-de-Calais"
"63","Puy-de-Dôme",8.3,7725,"315716",48,550,52,631,"180845","27770",1904,"6.4","27.6","6.8","40.3","6.9","23060","2.5","25.4","15.5","14.6","13.1","10.6","10.6","28.3","490892","10.4","61.7","36.2",27.6,23.4,1.8,37.4,298,"Puy-de-Dôme",256,1886,"",0.150681934522123,0.639611618486569,0.28352717205701,0.132845237534887,0.91447106404024,0.416664189061882,0.000891221353203502,0.049254028044158,0.16149624656174,0.0927269148907949,0.00637589203919619,0.0958330530772172,0.332872106919275,0.176683174984654,0.633792478120254,0.0468071951617401,1.94,0.89,4.85,4.76,2.3,21.86,28,20.84,3.56,5.77,"Puy-de-Dôme",167,"Puy-de-Dôme"
"64","Pyrénées-Atlantiques",7.7,10320,"333073",71,585,46,787,"194426","30899",1968,"5.6","26.8","6.6","41.3","7.3","23300","2.9","21.7","13.7","13.8","12.8","9.7","10.6","26.8","534105","10.8","61.2","36.5",28.1,24.1,1.6,35.3,349,"Pyrenees-Atlantiques",0,2973,"oui",0.13932557427792,0.40025468391044,0.279306123398975,0.139980549121056,0.687952195409254,0.378071379269198,0.00118674371566915,0.0436356085387684,0.202615448968239,0.0903300603114509,0.00358278132011281,0.0773862572366092,0.280167482542952,0.143867612511388,0.694239545006645,0.0365418161355513,1.67,1.24,4.28,4.97,2.31,17.38,27.8,18.94,2.53,6.45,"Pyrénées-Atlantiques",174,"Pyrénées-Atlantiques"
"65","Hautes-Pyrénées",7.5,2866,"111740",26,219,21,198,"64666","11140",629,"7.7","27","5.4","40.5","7.6","21530","3.1","25.7","20.1","18.2","15","12.5","13.4","31.2","181553","6.7","64.4","33.2",27.7,23.8,1.9,35.7,136,"Hautes-Pyrenees",118,3298,"",0.154345184562669,0.377317533635664,0.305703086031726,0.151357901469056,0.693711047854023,0.40585960591515,0.00108565566287783,0.0522264450978488,0.24697457789819,0.105734921880616,0.00408474805005673,0.0843226865111985,0.216710034782193,0.0945556430919766,0.721658220551711,0.034125836344373,1.79,0.74,3.38,3.61,2.46,22.19,24.98,19.61,3.37,6.46,"Hautes-Pyrénées",176,"Hautes-Pyrénées"
"66","Pyrénées-Orientales",8.4,7768,"232890",29,437,32,525,"138698","28214",1629,"12","26.4","4.6","41.8","8.6","20650","3.5","33.4","27.1","24.8","21.8","15.4","14.7","39.6","374939","7.5","60","37.2",27.4,23.1,2,38.8,433,"Pyrenees-Orientales",0,2921,"oui",0.246348285508837,0.499172023933432,0.457027563190108,0.21067927768127,1.09297722234083,0.466550485062328,0.00192011947438771,0.0974644480058983,0.256430664651653,0.128354369501383,0.0110752384466787,0.183838279597463,0.508262994027597,0.2533449255334,1.04370778620337,0.101031458988444,1.94,0.74,3.28,3.2,1.87,32.74,20.54,19.2,2.42,9.23,"Pyrénées-Orientales",210,"Pyrénées-Orientales"
"67","Bas-Rhin",9.2,14410,"516085",71,1000,43,1268,"324225","48243",4027,"6.3","27.7","5.7","44.6","6.1","24090","2.7","22","16.3","16.5","12.2","9.2","8.5","28.9","844711","11.9","56","41.8",27.4,23.3,1.6,37.6,386,"Bas-Rhin",104,1098,"",0.168181575073568,0.368129310630927,0.345689430118264,0.177507855044697,0.718336719784083,0.386791323802845,0.000702815514977374,0.0527350526996878,0.169377669909846,0.106972287739465,0.00650243500564047,0.0562055141901983,0.218003942051836,0.0721775287654264,0.804111761070942,0.0452210310660634,2.95,0.72,4.3,4.95,1.45,25.3,30.7,18.22,1.22,7.02,"Bas-Rhin",150,"Bas-Rhin"
"68","Haut-Rhin",8.9,8626,"340683",47,604,41,601,"219568","32508",2720,"7","25","5.5","46.8","6.7","24470","3.1","21","17.4","16.7","12.3","9.5","8.2","29.6","579452","8.2","60.4","37.5",27.3,23.8,1.6,37,289,"Haut-Rhin",170,1422,"",0.178665007282556,0.424830909512999,0.374713581343383,0.196048574060826,0.727445868136308,0.337715881699779,0.000832383040703508,0.0505213092313524,0.194240070794882,0.119397135485792,0.00504305577166387,0.0483576276901587,0.225723663890733,0.0794372366836858,0.634541059549595,0.0407970444729574,3.57,0.74,4.15,4.92,1.27,27.77,27.85,17.2,1.21,7.86,"Haut-Rhin",171,"Haut-Rhin"
"69","Rhône",11.1,37481,"857767",151,1370,59,1851,"490243","81543",6424,"6.4","31.5","5.8","40.1","6.7","24480","3.1","22","15.9","16.9","14.5","10.6","9.3","28.3","1316595","18.6","48.6","49.6",29.1,24.9,1.3,30.1,1019,"Rhône",143,1008,"",0.243354724437867,0.970406981347498,0.443751920281713,0.200397195843845,0.961484184373541,0.608323245323208,0.00102246124788277,0.0655357290081162,0.371330651717153,0.113632177386749,0.0184905650830689,0.201754660551399,0.804314521924875,0.303445335774206,1.69563907179545,0.17872803433518,1.81,0.58,5.53,5.71,1.75,16.55,30.61,25.2,1.75,8.16,"Rhône",183,"Rhône"
"70","Haute-Saône",7.8,2267,"107743",21,240,29,188,"68030","9445",720,"6.4","23.3","5.6","44.7","7","21860","2.6","19.7","16.6","15.2","12.4","10.6","11.3","29.5","180343","4.9","68.8","29.2",26.9,23.1,2.1,39.1,71,"Haute-Saône",183,1215,"",0.165343748488173,0.367581003587576,0.338657227012962,0.173313478524789,0.73320479542446,0.397079279631566,0.000849046312616391,0.0438653003494255,0.183025909272635,0.12289007300012,0.00366261205393434,0.0683769707661012,0.130839546724915,0.102965058801338,0.447881275415213,0.0125263667148316,2.7,0.96,5.01,3.19,1.74,34.6,22.42,15.65,2.1,7.18,"Haute-Saône",163,"Haute-Saône"
"71","Saône-et-Loire",7.9,6063,"258930",41,509,47,374,"156685","20738",1653,"6.6","23","5.3","45.8","6.8","22170","2.5","19.7","16","15.6","12.4","10.2","10.8","29.2","428457","6.1","64.6","33.7",27.9,23.5,1.8,36.7,217,"Saône-et-Loire",167,901,"",0.142873515835568,0.482974073299423,0.304639764540631,0.161766248705062,0.65102293293086,0.380709784841468,0.000838727350160559,0.0431245145340434,0.253204491529821,0.0942141787447628,0.00421525131721192,0.126192824314461,0.161783247821595,0.133362157402227,0.448220123501472,0.0216622598732046,2.59,0.79,5.08,3.59,2.02,27.39,27.61,17.49,2.48,6.91,"Saône-et-Loire",175,"Saône-et-Loire"
"72","Sarthe",9.3,5487,"255254",45,430,38,340,"160281","22514",1599,"7","24.3","6.3","44.5","6.2","22230","2.5","22.3","16.7","15.4","12.4","9.4","8.5","34","420423","6.3","64.8","34.1",28,23.7,1.9,35.1,150,"Sarthe",20,341,"",0.171804692110147,0.499196328074311,0.365867353449717,0.19406266133957,0.795385858019176,0.479387497343576,0.00121378303640465,0.0341827909661977,0.16388686126581,0.155267539007409,0.00851834101303985,0.118863099497408,0.3080218627817,0.136233381748788,0.634995837743053,0.0641461715438095,2.19,0.84,5.36,4.56,1.82,27.68,28.24,18.26,2.33,5.46,"Sarthe",148,"Sarthe"
"73","Savoie",8.4,7232,"205451",28,411,31,529,"123918","18729",1473,"5.2","25.6","7","42.3","7.2","24270","3.1","16.6","12.8","13","10.8","8.3","8.2","23.8","333279","10.2","60.3","36.9",28.2,23.9,1.4,34.9,366,"Savoie",207,3855,"",0.175454358980595,0.347472294562756,0.336498656034132,0.161044297053537,0.766210293158032,0.401716402360668,0.00134336547532975,0.0556504771542948,0.263335170885495,0.110663581258686,0.00573837437662524,0.0860513948591662,0.256521321011955,0.123378611093421,0.977274967051129,0.0371521695492067,2.72,0.75,5.52,6.35,1.79,23.03,26.26,20.24,2.25,7.32,"Savoie",170,"Savoie"
"74","Haute-Savoie",10.3,13137,"377891",64,644,39,802,"238154","35921",2961,"5.4","25.3","5.5","43.9","7.1","28120","3.3","12.9","9.5","10.1","9.1","8.6","8.4","19.7","623057","12","60.2","37.2",28.3,24.3,1.3,33.9,404,"Haute-Savoie",250,4806,"",0.156505851607124,0.578055723706595,0.322625352952752,0.166119501345628,0.677009603232603,0.431323745148429,0.000835595340516885,0.113934372385117,0.37474164268615,0.0984098322454228,0.00545855028288283,0.0768292698038398,0.252850954708355,0.148677719381457,0.833239766969718,0.0340149733181241,3.32,0.76,5.23,7.01,1.55,20.54,30.53,18.28,1.4,7.81,"Haute-Savoie",172,"Haute-Savoie"
"75","Paris",10.4,90970,"1128251",232,2224,112,2493,"500761","99062",8204,"5.7","40.5","5.1","32","6.2","29730","3","18.3","11.9","16.2","17.7","16.6","12.3","24.6","1552859","41.4","33.4","61.9",28.9,25.3,1.4,28,2563,"Paris",27,130,"",0.345462783192406,0.787307342811973,0.518495348197188,0.173032565004782,1.15041206788879,1.09480163955682,0.0013830660246686,0.178316918997306,0.554331083963894,0.178533747040786,0.0308001184885797,0.107456939966723,0.794887799192798,0.346504107705026,5.87630980699952,0.711952559655368,0.91,0.54,6.59,7.61,2.17,5.54,35.34,30.08,1.64,8.16,"Paris",136,"Paris"
"76","Seine-Maritime",9.7,13639,"578818",87,915,80,1131,"348972","58369",3973,"7.8","27.3","5.6","41.5","6.4","22340","2.6","25.4","18.6","17.3","14.4","10.8","9.3","34.7","917392","7.9","53","45.7",27.1,22.8,2.1,38.6,524,"Seine-Maritime",0,247,"oui",0.197073633868833,0.48519962253424,0.392607228882805,0.195533595013972,0.863054454107611,0.41086243546558,0.0012245843363412,0.0463445755285174,0.298033038535999,0.125617821040077,0.00938840500540615,0.141615763968924,0.427938829898777,0.174222326940567,0.706944051149635,0.0939551507797639,1.92,0.85,3.78,3.85,1.73,27.65,27.95,21.17,3.09,5.19,"Seine-Maritime",128,"Seine-Maritime"
"77","Seine-et-Marne",11.9,24530,"578427",75,839,48,1022,"399616","73237",4946,"6.7","28.8","5.5","42.9","5.9","24640","3","18.2","14.3","14.1","11.3","9.2","7.8","24.7","1006616","9.9","61.6","36.6",27.5,23.9,1.5,35.6,677,"Seine-et-Marne",36,216,"",0.156172172966158,0.806943185830615,0.37964761186775,0.223475438901592,0.824638024710639,0.470542267710305,0.000833338826118085,0.0579948776299621,0.455884568459614,0.107855531584419,0.0132322104818875,0.189488549662463,0.349686159990934,0.268844955156664,0.692157273112091,0.0875186693021288,2.28,0.7,5.57,4.04,1.19,23.56,25,25.87,1.94,7.25,"Seine-et-Marne",146,"Seine-et-Marne"
"78","Yvelines",11.8,25274,"602198",93,853,42,982,"399493","66260",4778,"6.4","27.9","5.3","46","6","28130","2.7","16.5","12.3","11.9","9.8","7.7","6.1","20.6","1015628","22.5","58.6","39.4",28.9,25.2,1.2,29.8,607,"Yvelines",9,23118,"",0.129469246393335,0.68206483393644,0.332340825778588,0.202871579385254,0.754387892788748,0.539860697079879,0.000811220921894795,0.0512707791828758,0.448160938660556,0.1015096197065,0.00793398233399323,0.150076235790536,0.223233607689547,0.225937109245277,0.695099675685855,0.0749724220912196,1.78,0.54,8.32,5.49,1.23,13.77,33.41,22.89,1.59,8.74,"Yvelines",140,"Yvelines"
"79","Deux-Sèvres",8,3503,"170465",38,261,30,279,"109336","13308",949,"5.3","22.5","6.3","46.2","5.8","22220","2.3","18.7","14.6","12.5","11.4","9.8","12.8","28.7","287424","6.2","69.5","29.3",28.2,23.1,1.9,37.1,111,"Deux-Sèvres",0,271,"",0.120120105636764,0.421282989272163,0.271040792299567,0.150920686662803,0.713234129958748,0.351852209300175,0.00123471043301819,0.0436770158723986,0.15475459855577,0.128800130122481,0.0047716934476411,0.103433699243464,0.177042835937497,0.1223898374707,0.489048792869018,0.022556186002327,2.18,1.03,4.45,4.85,2.09,23.05,32.94,18.83,2.18,4.24,"Deux-Sèvres",172,"Deux-Sèvres"
"80","Somme",9.1,5652,"255234",55,364,39,565,"158894","26225",1548,"8.7","27.7","5.6","40.2","5.7","21560","2.7","28.5","19.9","18","15.4","11.5","10.4","34.2","414507","7","59.9","38.2",26.6,22.3,2.2,40.9,145,"Somme",0,216,"oui",0.199571168386461,0.436620778970252,0.445148570156381,0.245577401769919,0.98150240309423,0.354289246539661,0.00149522689771742,0.0416369301975762,0.306520065784724,0.141907609459909,0.00675897752320591,0.144377811547643,0.255405794948765,0.18524923414692,0.675633998127559,0.0575250953799642,1.88,0.74,3.81,2.69,1.25,32.79,27.8,17.51,2.58,5.65,"Somme",139,"Somme"
"81","Tarn",7.7,5317,"182352",34,325,36,324,"113653","17380",1141,"7.9","24","5.8","44.1","7.2","21730","2.9","25.3","18.7","17.2","14.9","12.4","13.4","32.8","302642","7.1","66.9","30.9",28.3,24.8,1.6,33.5,211,"Tarn",93,1267,"",0.145028512782441,0.582023973947775,0.303037178757905,0.158008665975464,0.728676871717241,0.392187179098241,0.000640513164989361,0.0383508600879114,0.207140201348843,0.112347596689555,0.00464538101136606,0.0685940070568293,0.222712589081737,0.104229036264325,0.493616848855685,0.0337844583134112,2.23,0.8,4.36,3.78,2.53,24.6,23.46,21.07,2.31,6.95,"Tarn",182,"Tarn"
"82","Tarn-et-Garonne",8.7,3569,"115044",19,224,23,221,"75690","12004",859,"8.6","24.3","5.9","43.9","7.1","21520","3.2","23","18.9","18.2","15.9","13.2","15.3","31.3","198231","6.2","66.8","31",27.4,24.3,1.6,36.8,136,"Tarn-et-Garonne",45,506,"",0.152212654022075,0.682953867743413,0.327845042044959,0.175632388022884,0.659194815628232,0.426183434638443,0.000863786301306017,0.0261829982980803,0.148775993177612,0.11149820143727,0.00436390139288092,0.0885577078558743,0.21651993857253,0.127020318457336,0.515755702054308,0.0275735685214399,2.34,0.72,4.11,3.32,2.1,28.93,21.76,19.12,2.49,8.07,"Tarn-et-Garonne",177,"Tarn-et-Garonne"
"83","Var",8.8,21162,"516647",50,1024,38,1123,"317155","53139",4174,"7.3","24.1","5.2","44.2","8.3","23120","3.1","22.5","18.7","18.2","15.6","12.9","11.2","30.1","854697","8.9","58.5","38.5",28.1,24.1,1.6,34.8,714,"Var",0,171219,"oui",0.224252942483839,0.671517260380132,0.442829705883942,0.218576763400104,0.971842026182925,0.513877346470633,0.00157968500009668,0.0847281545090616,0.404437590221592,0.102467805409611,0.00964659471732423,0.116023935891818,0.352744288971952,0.234384443831901,1.00525960919369,0.0719750249120031,2.55,0.6,4.73,3.51,0.95,30.61,23.77,14.91,1.78,13.25,"Var",245,"Var"
"84","Vaucluse",9.6,9808,"256118",45,557,28,497,"159874","27460",2213,"9.7","25.3","5","44.2","7.9","21370","3.6","26.6","22.8","23.5","18.9","16.8","14.1","34","424627","8.5","56.2","41",27.7,23.9,1.7,36.6,360,"Vaucluse",10,1911,"",0.205608769097913,0.826533828719925,0.385027768827382,0.179418999729469,0.863499213510421,0.436524319013759,0.00166708170216697,0.1018478193242,0.38320302621122,0.100717410492188,0.00972014201264888,0.138112239170323,0.394078786794636,0.228089965410543,0.855270039645664,0.0563779058278831,2.27,0.67,3.92,3.99,1.24,29.43,22.01,20.75,2.06,10.03,"Vaucluse",241,"Vaucluse"
"85","Vendée",7.5,7657,"314981",63,507,33,478,"207074","21045",2370,"5.2","20.8","6.7","49.1","5.5","22790","2.6","12.3","9.6","9.5","9.3","7.2","9.4","25","537159","5.1","72.2","26.6",28.1,23.8,1.8,36.5,277,"Vendee",0,290,"oui",0.112096443429422,0.30703907809965,0.249993777469474,0.137897334040052,0.685419691046623,0.359341475506073,0.000561940101951675,0.0320247057670774,0.161343687849356,0.11269683169203,0.00271017468123737,0.0973144440354891,0.20003008979934,0.11171778020547,0.524064733690315,0.016670879362931,2.3,0.86,5.37,4.71,1.73,23.18,35.64,14.42,1.94,6.11,"Vendée",146,"Vendée"
"86","Vienne",8.2,4932,"207663",37,291,26,407,"121201","17748",1145,"6","27.6","6","40.9","6.2","22220","2.5","28.4","17.1","15.4","13.3","10.1","11.9","32.4","320651","8.5","61.5","36.9",28.1,23.7,1.7,36.1,176,"Vienne",31,232,"",0.138968745548451,0.462838060124364,0.295704684329336,0.156735938780885,0.768794527594199,0.438415165495086,0.00145369271356177,0.0497329475783686,0.223574440201986,0.127238411602069,0.00530390801736146,0.141026075267824,0.256861275124136,0.114732832373222,0.583144846598744,0.0346927309355977,2.2,1,4.3,4.63,1.96,23.4,29.28,21.22,2.77,5.15,"Vienne",173,"Vienne"
"87","Haute-Vienne",8.5,4184,"184199",32,294,30,395,"102943","15704",998,"6.5","26.6","5.7","41.3","6.9","22140","2.3","29.5","19.7","17.8","15.3","11.3","12","32.4","281418","8","62.5","35.6",28.1,23.6,1.8,35.2,132,"Haute-Vienne",122,799,"",0.140148779296258,0.431802133494217,0.282445470288302,0.142296690992044,0.74820756082067,0.413098407614089,0.000872916741371133,0.0430424754429818,0.1950897301183,0.104194205590042,0.00603662385592828,0.106588493672669,0.253516383711339,0.0938223714486072,0.540025305436792,0.0320297625917981,1.76,0.88,4.72,3.9,2.8,22.44,27.19,21.34,3.97,5.34,"Haute-Vienne",163,"Haute-Vienne"
"88","Vosges",7.4,3694,"169991",40,380,33,297,"102565","15721",1035,"7.7","24.8","5.3","43.2","6.8","21550","2.8","24.1","19.2","17.8","14.8","11.4","10.2","33.1","280608","4.8","64.3","33.8",27.2,23.3,2,37.6,121,"Vosges",227,1363,"",0.162472259794012,0.405199221022485,0.329922951648379,0.167450691854367,0.740338393987664,0.341026971398125,0.000755944003119418,0.0631401301688785,0.294069719740193,0.11794661038574,0.0042521896554428,0.10416332804624,0.196319678762761,0.112212655728498,0.487447278927912,0.0229736597722419,3.02,0.97,4.59,3.71,1.53,32.23,25.25,16.03,1.89,6.47,"Vosges",154,"Vosges"
"89","Yonne",8.4,3679,"154012",23,280,36,212,"93533","14665",1068,"7","24.5","4.9","42.9","7","21940","2.6","20.5","18.7","17.7","15.4","10.8","9.2","29.9","257206","5.6","67.4","30.4",26.6,21.9,2.1,43.9,171,"Yonne",52,606,"",0.19434383357265,0.49162258178129,0.434230679695016,0.239886846122366,0.819038708242435,0.479810901711397,0.00111637664867341,0.0505784195544963,0.39306958580363,0.150022465681766,0.00680609497963398,0.154591527118694,0.187642152217307,0.220267751359479,0.543121282867246,0.0315546127374101,2.6,0.84,5.28,3.35,1.3,31.25,24.14,17.9,2.28,7.33,"Yonne",158,"Yonne"
"90","Territoire de Belfort",8.8,1509,"64540",11,103,9,101,"38346","6713",490,"8.4","27.7","5.9","42.7","7.1","22920","3.4","25.6","19.7","19.3","15.2","11.3","10.1","32.7","102910","9.5","56.1","42.3",26.5,23.4,1.8,37.6,52,"TerritoiredeBelfort",324,1247,"",0.205103777179544,0.453328816345969,0.415682319184182,0.210578542004638,0.843388001883864,0.328136902099661,0.00124239043666038,0.060102097049482,0.282529083773824,0.117507745092563,0.00689662856420584,0.0542705316523883,0.159544210845864,0.075674986452701,0.653989630447925,0.0422034177136021,2.61,0.87,4.77,4.02,1.51,27.37,24.07,20.96,2.13,8.02,"Territoire-de-Belfort",168,"Territoire-de-Belfort"
"91","Essonne",13,23186,"534529",67,733,40,830,"356750","67363",4218,"6.4","29.7","5.2","43","5.9","25040","2.9","19.6","16.5","16.5","12.8","9.5","6.8","24.8","911594","14.6","58.2","40.1",28.4,24.7,1.4,31.7,661,"Essonne",30,182,"",0.161911575678201,0.782363430011486,0.397673165429281,0.235761589751081,0.870324173894742,0.469700415864718,0.00114048332759763,0.0836639939456896,0.319990037008132,0.100628785882855,0.0138252757657838,0.198430005934569,0.320172419271987,0.29452405325375,0.712592439991588,0.113106841142158,2.56,0.72,5.55,4.97,1.34,17.79,27.65,28.12,2.27,6.6,"Essonne",148,"Essonne"
"92","Hauts-de-Seine",11.9,36903,"738378",92,949,50,1113,"423645","83457",5645,"5.9","33.2","5.2","40.4","6.6","29720","2.9","16.5","11.2","13.2","12.5","11.9","10.1","21.2","1148994","33.1","43","54.6",28.8,25.2,1.2,29.5,829,"Hauts-de-Seine",21,179,"",0.143567609008773,0.62829258979413,0.340891137124984,0.197323528116211,0.865060164641317,0.757179148965509,0.000830120446754811,0.073545514078549,0.290682716312338,0.0940517745713049,0.0120606750876655,0.113828871607653,0.327713381512151,0.275784410933439,1.24872697852168,0.156027882382476,1.26,0.48,8.03,6.08,1.36,8.37,37.11,25.77,1.7,8.1,"Hauts-de-Seine",107,"Hauts-de-Seine"
"93","Seine-Saint-Denis",14.7,41197,"653263",106,1095,27,918,"422008","105193",5191,"10.3","36.1","3","41.4","5.8","19020","4.4","30","28.6","32.6","29.4","23.8","19.2","36.4","1121318","11.5","38","60.1",27.7,24,1.6,33.9,1476,"Seine-Saint-Denis",22,131,"",0.308521352739966,0.996665768922563,0.626073377114547,0.317552024374582,1.1020627688206,0.525235889904365,0.00165548472509959,0.226091326226857,0.585775488882673,0.128878751162785,0.0338084195907806,0.217107959297517,0.689395838502307,0.367436000125835,1.53216651653742,0.479865202518336,1.16,0.67,3.22,3.56,1.08,11.88,20.27,49.09,2.14,5.15,"Seine-Saint-Denis",126,"Seine-Saint-Denis"
"94","Val-de-Marne",12.4,29819,"610137",81,887,43,924,"365874","82276",4707,"7.1","34.3","4.4","39.7","6.4","24270","3.2","22.5","17.9","19.4","17.5","14.2","10.6","26.1","982682","19.6","44.5","53.2",28.9,25.2,1.4,28.3,880,"Val-de-Marne",27,130,"",0.186966562585144,0.821955737197971,0.418091094194792,0.231124531609648,0.888059960397013,0.592652553699557,0.00121047353353094,0.134543762777805,0.385986666468594,0.102704383328983,0.0188261030076561,0.174227518671437,0.398280327911385,0.325585032976447,1.1966344572388,0.181824890103307,1.59,0.63,5.52,5.42,1.4,11.82,29.1,32.67,2.54,7.37,"Val-de-Marne",126,"Val-de-Marne"
"95","Val-d'Oise",14.1,23847,"489850",69,725,31,800,"335146","67253",4469,"8","31","4.2","44.3","5.7","23290","3.4","21.9","19.3","20.6","17.3","13.6","10.5","27.1","855651","12.3","55.3","42.8",27.7,24,1.5,34.2,624,"Val-d'Oise",9,216,"",0.189270192901758,0.80368779033576,0.423487299365334,0.234217106463575,0.942614696802553,0.482862170625796,0.00107069800379015,0.0864874541957148,0.422427979385963,0.110220000235553,0.0211549186738959,0.212895678856444,0.465380286516076,0.396557537474489,0.959309047896716,0.189085768404645,1.7,0.63,4.99,3.91,1.15,17.2,26.09,33.17,1.9,7.09,"Val-d'Oise",131,"Val-d'Oise"
