"Code","Creations_d.entreprises_en_nombre_2023","Residences_principales_2021","Lycee_en_nombre_2023","Boulangeriepâtisserie_en_nombre_2023","Police_Gendarmerie_en_nombre_2023","Medecin_generaliste_en_nombre_2023","Nb_de_familles_2021","Nb_de_familles_monoparentales_2021","Nombre_de_mariages_2021","Taux_de_chômage_annuel_moyen_2023","Part_des_pers_de_15_ans_ou_._celibataires_2021","Part_des_personnes_de_15_ans_ou_._pacsees_2021","Part_des_personnes_de_15_ans_ou_._mariees_2021","Part_des_pers_de_15_ans_ou_._divorcees_2021","Mediane_du_niveau_de_vie_2021","Part_des_indemnites_de_chômage_dans_le_rev_disp_2021","Taux_de_pauvrete_moins_de_30_ans_2021","Taux_de_pauvrete_30_ans_à_39_ans_2021","Taux_de_pauvrete_40_ans_à_49_ans_2021","Taux_de_pauvrete_50_ans_à_59_ans_2021","Taux_de_pauvrete_60_ans_à_74_ans_2021","Taux_de_pauvrete_75_ans_ou_plus_2021","Taux_de_pauvrete_familles_monoparentales_2021","Nb_de_pers_non_scolarisees_de_15_ans_ou_._2021","Part_des_diplômes_d.un_BAC.5_ou_plus_dans_la_pop_non_scolarisee_de_15_ans_ou_._2021","Part_des_proprietaires_dans_les_res_principales_2021","Part_des_locataires_dans_les_res_principales_2021","Esperance_de_vie_des_femmes_à_60_ans_2023","Esperance_de_vie_des_hommes_à_60_ans_2023","Taux_de_mortalite_standardise_des_0_à_64_ans_2023","Taux_de_mortalite_standardise_des_65_ans_ou_._2023","Superette_epicerie_en_nombre_2023","Departement.y","Altitude_min","Altitude_max","Longueurcote","Nbre_victime_Autres_coups_et_blessures_volontaires","Nbre_infraction_Cambriolages_de_logement","Nbre_victime_Coups_et_blessures_volontaires","Nbre_victime_Coups_et_blessures_volontaires_intrafamiliaux","Nbre_infraction_Destructions_et_dégradations_volontaires","Nbre_victime_Escroqueries","Nbre_victime_Homicides","Nbre_Mis.en.cause_Trafic_de_stupéfiants","Nbre_Mis.en.cause_Usage_de_stupéfiants","Nbre_victime_Violences_sexuelles","Nbre_infraction_Vols_avec_armes","Nbre_véhicule_Vols_d.accessoires_sur_véhicules","Nbre_véhicule_Vols_dans_les_véhicules","Nbre_véhicule_Vols_de_véhicules","Nbre_victime.entendue_Vols_sans_violence_contre_des_personnes","Nbre_infraction_Vols_violents_sans_arme","DUPONT_AIGNAN","POUTOU","PECRESSE","JADOT","HIDALGO","LE_PEN","MACRON","MELENCHON","ROUSSEL","ZEMMOUR","Departement","Nb_jrs_enseillement","Departement_name"
"1",0.835726243666641,2.26015852604201,1.17647058823529,1.73158141717504,3.18181818181818,1.47534357316087,2.44047386380252,1.82230904051206,2.34630304455155,1.66666666666667,1.42131979695431,6,8.65497076023392,4.59459459459459,5.40616246498599,3.6,1.27962085308057,1.20418848167539,1.12554112554113,0.591133004926109,0.72289156626506,1.6793893129771,2.15,2.38533251232217,1.55495978552279,7.52577319587629,2.57790368271955,5.7142857142857,7.56756756756756,1.42857142857143,4.84276729559749,0.625248904818797,NA,3.59913793103448,0.997253068381064,NA,0.819769362447568,6.27833486009226,0.553998699525754,0.7456867992272,2.13853177755389,1.18989686454771,2.11844831253822,0.797224694306989,1.34961893768332,1.21367507108314,1.13997862122844,3.7396905083525,1.66109999291917,2.62664294931063,0.223748372738694,0.135781142570639,6.72932330827068,2.23684210526316,4.09574468085107,4.48742746615087,2.87937743190661,6.08424799762682,4.58620689655173,1.02179450891594,1.78125,4.12909836065574,"Ain",5.13698630136986,NA
"2",0.425734780535938,1.78542497620656,1.58371040723982,1.16377287658376,3.18181818181818,1.22069523039612,1.85803195670774,1.68912189133473,1.54578582343952,8.07692307692308,2.38578680203046,4.4,5.90643274853801,3.24324324324324,1.77404295051354,4.4,8.5781990521327,7.22513089005236,5.06493506493506,4.23645320197044,3.85542168674699,3.58778625954199,9.15,1.87473491293939,0.134048257372654,7.29381443298969,2.8328611898017,0,0.810810810810803,6.42857142857143,9.43396226415094,0.422142572680207,NA,0.862068965517241,0.0102863822326125,NA,3.35355551990957,4.99983620589671,4.50613735854099,5.45570936193307,5.6190681951069,0.899963917348417,4.48981106963887,0.618519747853418,2.4712146552974,5.87642983997204,1.55103113577064,4.20699565593981,2.01795663354516,3.09566876823173,0.295958755283527,0.361045779804115,4.77443609022556,4.21052631578947,2.02127659574468,0.425531914893617,0.66147859922179,10,1.36781609195402,0.489668836682706,3.21875,2.69467213114754,"Aisne",2.3972602739726,NA
"3",0.291583977294145,1.15808649913181,0.81447963800905,0.872829657437823,1.90909090909091,0.840743734842361,1.04925537135883,0.853787533682837,0.939226519337017,4.61538461538461,1.92893401015228,4.2,5.96491228070176,7.56756756756757,2.3155929038282,2.4,5.92417061611374,5.75916230366492,3.80952380952381,3.44827586206897,3.01204819277108,4.65648854961832,7.4,1.14009987724053,0.32171581769437,8.19587628865979,1.75637393767705,3.21428571428571,4.05405405405405,5.71428571428571,5.72327044025157,0.577459179609717,NA,3.49137931034483,0.74541203974284,NA,1.88722277513747,3.00514186867518,1.78935370333968,1.87209665449872,4.83452865211367,1.50099664819545,2.22197543519934,1.32250988894126,3.35219101974141,2.74827352089479,1.12640097570736,1.48416839817136,0.591573770674019,1.29205937307684,0.319137783957669,0.224743499022357,5.11278195488722,4.3421052631579,4.57446808510638,1.50870406189555,3.15175097276265,6.38386235538416,4.03448275862069,0.826493065383527,9.875,2.46926229508197,"Allier",3.6986301369863,NA
"4",0.192024124970897,0.401991020248033,0.0904977375565611,0.445800093852651,1.81818181818182,0.40016168148747,0.390084937031938,0.440868766262344,0.447866462912895,5,1.5736040609137,3.6,6.37426900584795,9.72972972972973,2.58636788048553,4.8,5.63981042654028,5.86387434554974,4.58874458874459,3.99014778325123,3.97590361445783,5.19083969465649,7.2,0.392992792993689,1.09919571045576,6.70103092783505,2.88951841359773,4.99999999999999,6.75675675675676,3.57142857142857,4.9685534591195,0.4778972520908,NA,5.60344827586207,0.192343658679135,NA,3.08162076486307,2.88112768625035,3.4333801586962,3.65512805698972,5.67628135784753,1.8059894406274,4.08597208881133,0.799853598876428,6.644151532339,2.84168111819344,1.10288305022945,1.9243538962753,3.39745899560875,2.231106540927,0.619903125765722,0.348170113194768,6.31578947368421,5.39473684210526,1.77304964539007,3.19148936170213,1.90661478599222,6.33639869474933,1.03448275862069,2.50495329748089,5,4.05737704918033,"Alpes de Haute Provence",9.17808219178082,NA
"5",0.16087009545772,0.292386826791046,0.0452488687782805,0.516189582355702,1.09090909090909,0.452708164915117,0.276208220954995,0.261046812387563,0.365581285999765,3.07692307692308,1.6243654822335,5.6,6.08187134502924,9.18918918918919,2.79178338001867,6.4,4.59715639810427,4.13612565445026,3.2034632034632,2.75862068965517,2.53012048192771,3.89312977099237,5.35,0.284201343462624,1.17962466487936,7.24226804123711,2.29461756373938,8.21428571428572,7.56756756756756,2.14285714285714,2.38993710691824,0.294703305455994,NA,10,0.232787843366452,NA,2.85891070993888,0.356087255642016,3.21238099463841,3.49348041603969,5.11389158047463,1.21293917924225,2.46432418613049,1.43889357535038,8.05116150930188,4.11547866666545,0.361410777144827,0.592445547013058,1.20061948282041,1.28108948681962,0.799066713954759,0.270943995973006,5.90225563909774,5.92105263157895,4.00709219858156,6.5183752417795,2.87937743190661,5.13200830614061,2.33908045977012,2.57854514576847,3.1875,2.98155737704918,"Hautes-Alpes",8.56164383561644,NA
"6",2.88734658580662,4.44809216596558,2.89592760180996,4.26560300328484,3,5.34357316087308,4.12326075972824,4.26160272396674,4.3916774421065,3.71794871794872,3.09644670050761,3.4,5.90643274853801,10,4.14565826330532,5.6,5.11848341232228,4.55497382198953,3.80952380952381,3.30049261083744,4.21686746987952,5.64885496183206,4.1,4.3787872081381,2.46648793565684,5.69587628865979,4.07932011331445,6.07142857142857,7.02702702702702,2.85714285714286,4.21383647798742,3.34926324173636,NA,0.0862068965517241,1.81677381648159,NA,5.21343526787975,4.62909397421304,5.94776863780186,5.99904496773786,8.05460322912228,2.97120336923305,7.6038320090999,2.81238477829202,4.97390443586452,1.27519315961748,2.85700198640177,2.5265677271296,3.34164522142268,4.58591885322679,2.01493442903231,1.68315452898439,5.52631578947368,0.657894736842106,4.64539007092199,3.36557059961315,0.0778210116731518,6.26223672500742,3.04022988505747,0.784036229833003,1.1875,10,"Alpes-Maritimes",10,NA
"7",0.360876747563666,1.05890782676925,0.678733031674208,1.25762552792116,2.36363636363636,0.76394502829426,1.08405827314487,0.856258251812503,1.07440930998002,4.74358974358974,1.5736040609137,5.8,7.25146198830409,4.86486486486486,2.77310924369748,4.8,4.21800947867299,4.71204188481675,3.46320346320346,2.66009852216749,2.53012048192771,3.74045801526718,6.25,1.10747981136167,0.670241286863271,8.68556701030928,1.07648725212465,5.35714285714286,6.75675675675676,2.85714285714286,5.40880503144654,0.613301473516527,NA,0.905172413793103,1.01788427819988,NA,1.57614146156715,2.29206995470889,1.01534202567379,0.717184049537544,2.74293318513975,0.27569672953349,3.32356313717353,0,2.69674493998791,1.08129894559348,0.808398370913208,2.22305874655883,1.40968050659081,2.52539210847578,0.213569920186224,0.149818410133503,5.97744360902256,5.78947368421053,3.33333333333333,3.67504835589942,4.59143968871595,5.82616434292495,1.90229885057471,2.26153410699123,5.28125,3.04303278688525,"Ardèche",5.13698630136986,NA
"8",0.198121888754615,0.780006974564635,0.452488687782805,0.638198029094322,2.18181818181818,0.602263540824576,0.815349179945769,0.742991267555611,0.638297872340425,7.05128205128205,1.97969543147208,4.6,6.66666666666667,3.78378378378378,1.70868347338936,2.8,8.62559241706161,7.43455497382199,5.15151515151515,4.23645320197044,4.57831325301205,5.87786259541985,9.7,0.814700432711729,0.0804289544235927,6.98453608247423,3.1728045325779,1.07142857142857,3.24324324324324,5.71428571428571,6.72955974842767,0.171246515332537,NA,1.29310344827586,0.0223261250730567,NA,4.36478879452721,3.10035570834656,4.67717277254311,4.52753876196994,5.47022118853835,0.737875373487619,3.84640044496465,0.877099395955673,2.78298851205323,4.52365196654574,0.485238057234208,2.05441408490733,0.727910969616594,1.82056104432559,0.316511187443249,0.385842415549133,4.88721804511278,4.60526315789474,2.09219858156028,0.251450676982592,1.36186770428016,9.04182735093444,2.25862068965517,0.815171242570054,3.25,2.36680327868852,"Ardennes",1.71232876712329,NA
"9",0.143242014701154,0.344750550336741,0.0904977375565611,0.328484279680901,1.09090909090909,0.291026677445432,0.335636636858358,0.397708408934734,0.342071235453156,6.66666666666667,2.63959390862944,4.2,5.02923976608187,7.02702702702703,1.68067226890756,5.2,6.87203791469194,7.43455497382199,5.45454545454546,4.63054187192118,4.69879518072289,6.33587786259542,7.8,0.349273388312693,0.697050938337802,8.6340206185567,0.991501416430595,1.42857142857142,5.13513513513513,5.71428571428571,8.36477987421384,0.207088809239347,NA,4.33189655172414,0.17656341320865,NA,3.8977131877406,2.033793974182,4.11965287835649,4.00076716765653,4.74926947839985,1.23756789946149,4.147808732179,1.24839079292535,1.77456936075713,5.04747906079546,0,1.17889058210826,1.13309575270218,1.4173364481277,0.396197946180944,0.0921228446415119,3.23308270676692,4.07894736842105,0,1.64410058027079,9.92217898832685,5.45832097300504,0,3.48429097084631,5.4375,2.16188524590164,"Ariège",4.86301369863014,NA
"10",0.307992505293968,0.979299710119657,0.588235294117647,0.647583294228062,1.63636363636364,0.549717057396928,0.945396795063895,0.973540153030104,0.819325261549312,6.92307692307692,3.3502538071066,4.2,5.02923976608187,4.59459459459459,2.34360410830999,3.6,7.06161137440758,6.17801047120419,4.45887445887446,3.34975369458128,2.7710843373494,2.59541984732824,8.35,0.958465164828823,0.536193029490617,6.28865979381443,3.88101983002833,3.21428571428571,3.78378378378378,6.42857142857143,5.53459119496855,0.37037037037037,NA,1.33620689655172,0.0147866744593805,NA,4.6401148948312,4.73455713031556,5.18226857118724,5.19038983650616,4.83615048890614,1.87510320721637,3.55895455781732,1.16436210550449,1.27311208279055,4.94873624287565,1.71345994446126,3.63752901942709,1.62956280338795,2.15830669833218,0.629201938695608,0.58385485094678,6.54135338345865,3.02631578947368,5.30141843971631,1.25725338491296,0.778210116731517,8.13111836250371,3.38505747126437,0.356637418624398,2.6875,3.44262295081967,"Aube",3.35616438356164,NA
"11",0.488153707994723,1.29917612955254,0.769230769230769,1.14030971374941,2.18181818181818,1.03476151980598,1.26749736155206,1.28068130052426,1.25073468907958,7.69230769230769,2.13197969543147,4.4,6.25730994152047,8.64864864864865,1.39122315592904,5.6,9.14691943127962,8.69109947643979,6.1038961038961,5.8128078817734,5.36144578313253,7.32824427480916,10,1.31147568538837,0.670241286863271,7.39690721649485,2.46458923512748,3.21428571428571,3.78378378378378,5.71428571428571,7.04402515723271,0.931899641577061,NA,0.0862068965517241,0.137346580946815,NA,3.7941347254869,4.15954098222553,3.73344732426143,3.35966615662145,6.89665667581623,1.08743962547656,4.68406075732811,1.30002020772649,2.04648957834054,3.08206916159195,1.76459941589102,4.33593649435271,4.48603986539975,2.96729281368981,0.772209166368035,0.505585617851598,4.02255639097744,4.47368421052632,0.868794326241135,1.04448742746615,7.58754863813229,7.29753782260457,0.333333333333332,1.70676478913105,4.5,4.54918032786885,"Aude",6.0958904109589,NA
"12",0.286816634699602,0.877768938485793,0.950226244343891,0.999530736743313,3.09090909090909,0.703314470493128,0.855088766219759,0.562937683856173,0.777007170565417,2.05128205128205,1.42131979695431,5,7.83625730994152,2.97297297297297,2.65172735760971,1.6,3.93364928909953,3.66492146596859,2.68398268398268,2.16748768472906,2.59036144578313,6.56488549618321,5.05,0.900850575781702,0.589812332439678,9.35567010309278,0.339943342776204,5.7142857142857,6.21621621621621,2.14285714285714,6.28930817610063,0.517722023098367,NA,3.10344827586207,0.847340736411455,NA,0.532647398627284,0.732333860604501,0,0,0,0.531787768638499,2.18526825187233,1.16757361738006,2.17743229847375,0.84366230619239,0.0475370455607136,0.208944710784019,0,0.382586433147189,0.0333891354421966,0.0692362548998987,4.21052631578947,4.07894736842105,5.0886524822695,2.92069632495164,6.49805447470817,4.31919311776921,4.62068965517241,1.52561562411548,4.46875,1.72131147540984,"Aveyron",5.82191780821918,NA
"13",4.41910484827655,8.17299099845252,6.69683257918552,7.96809009854528,3.54545454545455,10,7.8303199290044,8.75576179188832,8.59527447984013,5.64102564102564,4.31472081218274,3.6,5.26315789473684,8.10810810810811,3.64145658263305,5.2,6.96682464454976,6.02094240837696,4.76190476190476,4.63054187192118,4.51807228915663,5.57251908396947,6.85,8.11818862824835,2.49329758713137,4.45876288659794,5.69405099150142,5.7142857142857,7.2972972972973,2.85714285714286,3.71069182389937,5.55953803265631,NA,0.0862068965517241,0.0538866160140269,NA,6.37095751821571,10,6.45146712586338,5.55143852922969,10,3.09811678803826,10,4.84022819009509,9.3531249019092,1.9392757359995,9.98037297482185,10,9.39162587188729,10,1.79186959161565,2.79093462598747,4.06015037593985,1.44736842105263,1.09929078014184,3.34622823984526,0.856031128404669,6.14357757342035,1.72413793103448,2.78233795641098,3.75,6.6905737704918,"Bouches-du-Rhône",8.76712328767123,NA
"14",0.872867168531104,2.62296302754226,1.99095022624434,2.54340685124355,2.90909090909091,2.3322554567502,2.53154917791898,2.04976952832447,2.48383684024921,2.82051282051282,3.09644670050761,5.8,5.43859649122807,4.05405405405405,3.56676003734827,3.2,4.02843601895735,2.82722513089005,1.73160173160173,1.47783251231527,1.20481927710843,1.90839694656489,4.55,2.55618725105629,1.31367292225201,6.1340206185567,4.13597733711048,4.28571428571428,4.05405405405405,5.71428571428571,6.10062893081761,1.08323377140581,NA,0.0862068965517241,0.0141437755698422,NA,2.6891736395142,1.48824631746815,2.64501165443272,2.57370985415596,3.88938113663039,1.01699493795151,2.25288459585266,1.05501486352714,3.31391558225322,5.52566894280582,0.890884203972634,1.73125579375655,1.76255296415785,1.30843267510354,0.542246991693915,0.47020604126054,4.28571428571428,6.44736842105263,3.17375886524823,5.1063829787234,3.19066147859922,5.40492435479086,6.58045977011494,1.52561562411548,3.3125,1.55737704918033,"Calvados",2.3972602739726,NA
"15",0.0458995310265308,0.30429262657745,0.180995475113122,0.244016893477241,1.63636363636364,0.282942603071948,0.296432702566931,0.193951373178811,0.215116962501469,0,1.6751269035533,4.8,6.72514619883041,1.62162162162162,2.51167133520075,0,2.60663507109005,2.19895287958115,2.12121212121212,2.16748768472906,3.37349397590361,7.70992366412214,2.6,0.317488154075183,0.268096514745308,9.63917525773196,0.0283286118980164,1.42857142857142,4.59459459459459,3.57142857142857,8.49056603773585,0.282755874153724,NA,3.96551724137931,0.10146113383986,NA,0.385470514475678,0.0449596488905847,0.352497927957146,0.888638937184005,1.18824325656871,0.767643565303026,2.08800716421672,0.576929089112361,0.448626678206735,1.81810251220663,0.0923198759874513,0.280481472262388,0.122826307114645,0,0,0.0521459473290692,3.19548872180451,3.42105263157895,8.79432624113475,1.31528046421663,4.28015564202335,5.61851082764758,5.00574712643678,0.263232380413246,5.0625,1.36270491803279,"Cantal",5.34246575342466,NA
"16",0.367750590374403,1.19072528207028,0.950226244343891,0.933833880807133,1.81818181818182,0.691188358932902,1.1708194172396,0.979562528471166,1.08498883272599,3.46153846153846,1.52284263959391,5.2,6.66666666666667,5.94594594594595,2.78244631185808,3.6,5.45023696682465,4.45026178010471,2.9004329004329,2.46305418719212,2.83132530120482,5.26717557251908,5.75,1.20744109534394,0.616621983914209,8.60824742268041,1.3314447592068,3.57142857142857,4.32432432432432,5.71428571428571,7.61006289308176,0.230983671843887,NA,0.129310344827586,0.0145528930450029,NA,2.62175379745567,3.51589643224251,2.73708491211891,2.84220716968329,4.55648000535317,2.68886845813959,3.55845168760428,1.52915729320041,1.12595582177081,5.63040170012443,0.815673301507767,2.20158911654149,2.38239941544611,1.80190909189681,0.397460783709541,0.433652024499104,5.07518796992481,5.78947368421053,2.4113475177305,2.86266924564797,4.39688715953307,6.12281222189261,4.51724137931035,1.58505519388622,4.9375,1.30122950819672,"Charente",4.79452054794521,NA
"17",0.906903777287493,2.57625705629781,1.6289592760181,2.63725950258095,3.27272727272727,2.44543249797898,2.51355416672096,1.91974798675077,2.38274362289879,3.33333333333333,0.913705583756346,6.4,7.07602339181287,7.2972972972973,3.53874883286648,4.4,3.69668246445498,2.93193717277487,1.81818181818182,1.72413793103448,1.3855421686747,3.43511450381679,3.85,2.5876643259631,0.884718498659518,8.29896907216495,1.64305949008499,5.7142857142857,4.86486486486486,5,5.91194968553459,1.02349661489446,NA,0.0862068965517241,0.00315604909409702,NA,2.47910810410648,3.46215395967182,2.43088922312637,2.40991705919643,5.50125578208053,0.966452954647552,2.71184765284174,1.08664383015012,3.35515275817246,4.41285347081064,1.28623671983019,4.40815709125031,2.54186390270465,3.36151154471735,0.813176088969822,0.415476721577052,5.45112781954887,5,3.42198581560284,4.60348162475822,3.07392996108949,5.86769504598042,5.26436781609195,1.25106142088876,4.15625,1.98770491803279,"Charente-Maritime",2.05479452054794,NA
"18",0.244021419781146,0.968728885595345,0.452488687782805,0.558423275457532,1.63636363636364,0.481002425222312,0.927343875543433,0.793486569330667,0.821676266603973,3.97435897435897,1.97969543147208,3.8,6.54970760233918,4.32432432432432,2.87581699346405,2.4,5.45023696682465,4.71204188481675,3.29004329004329,2.26600985221675,2.40963855421687,3.2824427480916,6.4,0.975946203224915,0.482573726541555,8.73711340206185,1.18980169971671,0.714285714285712,1.62162162162162,7.85714285714286,8.74213836477987,0.326563122262047,NA,1.96120689655172,0.0223845704266511,NA,2.25004034181004,4.58014509144354,2.02165685448395,1.8803992897247,4.21562136828568,1.07892182075213,2.40133280115141,0.353924587791111,2.57650161992022,2.49915069890722,0.759235130738665,3.49257586026323,0.710216975553756,1.89341771892669,0.294026332229419,0.373567110196215,5.41353383458647,5.65789473684211,3.72340425531915,1.33462282398453,2.56809338521401,6.63008009492732,4.24712643678161,1.0246249646193,7.40625,2.56147540983607,"Cher",4.24657534246575,NA
"19",0.200228388970808,0.721041026423429,0.588235294117647,0.778977006100422,2,0.497170573969281,0.684375031668614,0.524873182671001,0.591277771247208,2.30769230769231,1.52284263959391,5,6.37426900584795,5.13513513513514,2.91316526610644,2.4,4.02843601895735,3.66492146596859,2.42424242424242,1.72413793103448,2.04819277108434,5.11450381679389,4.15,0.72951398791231,0.509383378016086,9.0979381443299,0.679886685552408,4.28571428571428,4.59459459459459,3.57142857142857,6.28930817610063,0.294703305455994,NA,1.85344827586207,0.050146113383986,NA,1.56600655355559,1.1597996125626,1.88006501557492,2.45653606395712,1.50157443193896,1.24214252067931,2.28246192340956,1.39071104140128,3.33099994972878,2.36243922460668,0.204018961833004,0.633469550863277,0.425318225905488,0.499283532109997,0.191324212936388,0.127751294340951,3.49624060150376,4.60526315789474,10,2.10831721470019,6.14785992217899,4.9421536636013,2.02298850574713,1.61052929521653,10,1.41393442622951,"Corrèze",4.79452054794521,NA
"24",0.511436078805282,1.48432902508664,0.995475113122172,1.43125293289535,3.36363636363636,0.962004850444624,1.47787829697415,1.1668738466765,1.86434700834607,3.71794871794872,0.710659898477157,3.6,7.42690058479532,6.75675675675676,2.23155929038282,3.2,5.82938388625593,5.34031413612565,3.93939393939394,3.79310344827586,3.67469879518072,6.6412213740458,6.05,1.53027441308254,0.455764075067024,9.0979381443299,0.594900849858356,4.64285714285714,4.32432432432432,5.71428571428571,6.28930817610063,0.665073675826364,NA,0.129310344827586,0.0217416715371128,NA,0.957039711337289,3.14612555564108,1.24486657336987,1.9528163532012,1.84282532114101,0.823234964987115,3.45862966475255,1.15611762630746,0.297286220226514,3.03593292718309,0.478189103983687,1.01740561874429,0.566313380966864,1.10484905879735,0.243028770200915,0.158638795978189,3.15789473684211,7.63157894736842,3.06737588652482,5.49323017408124,5.09727626459144,4.82052803322456,6.5,1.83979620718936,6.125,0.502049180327869,"Dordogne",4.65753424657534,NA
"25",0.598578666696232,1.95529376720938,1.35746606334842,1.4547160957297,2.45454545454545,1.81083265966047,1.85335585967076,1.56280642695553,0.111672740096391,2.94871794871795,3.3502538071066,6.6,6.14035087719298,5.40540540540541,4.54715219421102,4.8,3.98104265402844,2.72251308900524,2.38095238095238,1.37931034482759,1.56626506024096,2.59541984732824,4,1.88512268383245,1.15281501340483,6.80412371134021,3.31444759206799,3.92857142857142,5.40540540540541,5,5.28301886792453,0.589406610911987,NA,4.35344827586207,0.0785505552308591,NA,4.4100531619952,2.46704328585446,4.49032132545559,4.09761202203872,3.89358482873019,1.47169551319737,3.82571242973054,2.51301208284682,2.25419923086962,2.27003282024513,3.07773217224555,1.67081925693217,1.52722832213908,1.40865893806878,0.413332302777456,0.546628115073423,5.33834586466165,6.71052631578947,6.38297872340426,0.793036750483559,5.83657587548638,5.79946603381786,2.03448275862069,1.89640532125672,7.59375,1.02459016393443,"Doubs",3.9041095890411,NA
"26",0.734170759559631,1.81766417471284,1.44796380090498,1.76912247771,2.72727272727273,1.52789005658852,1.82802096860356,1.51902839009551,1.3635829317033,4.87179487179487,1.82741116751269,6,7.01754385964912,6.75675675675676,3.20261437908497,5.2,3.60189573459716,4.03141361256544,3.50649350649351,2.5615763546798,2.53012048192771,3.58778625954199,5.55,1.85378568134868,1.23324396782842,7.39690721649485,2.60623229461756,5.35714285714286,7.02702702702702,2.85714285714286,4.52830188679246,1.0752688172043,NA,1.07758620689655,0.136469900642899,NA,3.24362953450164,5.98133605677905,3.14298611770264,2.87187181202237,5.70408807223194,1.40964579906912,5.29921404119023,1.70131350368544,3.06916456007958,2.49724066075046,2.37708911740054,5.75368974059157,4.76205000187298,4.90364906989463,0.734551473371267,0.624626744624699,4.84962406015038,5.52631578947368,2.85460992907801,1.99226305609284,4.74708171206226,5.97448828240878,2.31609195402299,1.85111803000283,7.4375,2.22336065573771,"Drôme",7.73972602739726,NA
"27",0.663547568100935,2.01691150294603,1.22171945701357,1.44063819802909,2.72727272727273,1.16410670978173,2.20165994206272,1.83775102882247,1.76560479605031,3.58974358974359,1.6243654822335,5.8,7.13450292397661,2.97297297297297,3.60410830999066,3.6,3.3175355450237,3.08900523560209,2.16450216450216,1.37931034482759,1.14457831325301,1.6793893129771,4.6,2.14734386267076,0.589812332439678,8.24742268041237,1.81303116147309,2.5,3.51351351351351,5.71428571428571,6.60377358490566,0.609318996415771,NA,0.0862068965517241,0.00771478667445938,NA,2.26691042258563,3.78721783572849,3.08157077189238,3.97558989075275,2.96011522118541,1.10710428755832,3.48888924094475,0.916104315211542,2.83337515841181,4.7852028262596,1.2900869427924,3.50367697400366,1.15006847147988,2.80960371264628,0.179893782959055,0.414102137345645,7.14285714285714,4.86842105263158,4.39716312056738,4.4294003868472,3.19066147859922,5.49688519727084,4.50574712643678,1.78318709312199,1.84375,2.85860655737705,"Eure",1.84931506849315,NA
"28",0.465869153076045,1.37841190616305,0.85972850678733,0.854059127170342,2.36363636363636,0.707356507679871,1.46812074464312,1.14386528409398,2.10179851886682,3.33333333333333,1.7258883248731,5.2,7.71929824561404,2.97297297297297,4.05228758169935,3.2,2.70142180094787,2.72251308900524,1.99134199134199,1.2807881773399,0.843373493975903,1.29770992366412,3.75,1.45860775855548,0.697050938337802,8.45360824742268,1.58640226628895,2.85714285714286,4.05405405405405,5,7.67295597484277,0.501792114695341,NA,1.20689655172414,0.009760374050263,NA,1.89305540685937,3.12090931154326,2.69142221049138,3.66596943408697,3.4383811022188,0.991980263280246,3.48297870455602,1.8668905228399,2.03968033038503,4.61342334960831,1.08597019772481,3.06474095468216,0.836306252186244,1.80836680924698,0.179481583852387,0.309975842534788,6.57894736842105,3.15789473684211,2.76595744680851,4.71953578336557,3.3852140077821,5.54138237911599,2.91379310344828,2.44268327200679,3.46875,3.39139344262295,"Eure-et-Loire",2.87671232876712,NA
"29",0.952914176746455,3.67737552944937,3.2579185520362,2.71703425621774,3.72727272727273,3.46402586903799,3.35659800187333,2.5423689554267,2.24991183731045,2.56410256410256,2.84263959390863,7.4,6.08187134502924,3.78378378378378,3.92156862745098,2.8,3.3175355450237,1.46596858638743,0.909090909090909,0.788177339901478,0.542168674698795,2.13740458015267,3.1,3.56849065240692,1.31367292225201,9.17525773195876,0.84985835694051,3.21428571428571,2.97297297297297,5,7.35849056603774,1.11509358821187,NA,0.0431034482758621,0.0156633547632963,NA,1.82634809937541,1.72494448282365,1.32766296270708,1.02665336420222,4.46849399454372,1.24929275303202,2.92569399614322,0.941674168435784,2.26795316531156,2.14968704926026,1.04634566822633,1.9431278362532,1.4275860174811,1.26106538027647,0.494820064149265,0.512409778288345,5.48872180451128,4.86842105263158,2.26950354609929,2.24371373307544,1.20622568093385,7.93533076238505,3.64367816091954,1.03877724313614,3.125,2.37704918032787,"Finistère",2.12328767123288,NA
"30",1.25181547058106,2.81951316085816,1.53846153846154,2.71703425621774,3.36363636363636,2.35246564268391,2.81645812432048,2.71917972158095,3.04337604325849,7.56410256410256,2.43654822335025,4.6,6.90058479532163,8.10810810810811,2.15686274509804,5.6,7.86729857819905,7.22513089005236,5.75757575757576,5.22167487684729,5.36144578313253,6.48854961832061,8.7,2.86562404225481,1.07238605898123,6.70103092783505,3.22946175637394,4.99999999999999,6.48648648648648,3.57142857142857,5.53459119496855,2.04301075268817,NA,0.0862068965517241,9.11116306253653,NA,3.79527619330821,5.98963562489263,3.72822443009485,3.34780419218317,4.89438988317182,1.61961091833034,4.20798407466774,1.31289411180196,1.68524858106936,1.80838933551665,2.31737915747721,5.73168080985295,4.29678805837994,4.21239023144847,0.912366946584262,0.920060477339065,3.98496240601504,2.23684210526316,1.34751773049645,2.28239845261122,2.49027237354086,7.06021951943044,0.925287356321839,2.17945089159355,5.375,5.17418032786885,"Gard",8.97260273972603,NA
"31",2.68345953856558,5.8545203897038,3.61990950226244,3.99343031440638,5.27272727272727,5.68310428455942,5.2550065364019,4.99888045584749,4.82778887974609,3.97435897435897,5.43147208121827,8,3.27485380116959,5.13513513513514,4.86461251167133,5.2,6.54028436018957,3.03664921465969,2.16450216450216,1.87192118226601,2.04819277108434,3.81679389312977,4.15,5.35813436979456,3.94101876675603,4.74226804123711,5.58073654390935,7.85714285714285,8.37837837837837,1.42857142857143,3.08176100628931,2.22222222222222,NA,1.91810344827586,0.18135593220339,NA,3.9250426894519,8.88938117951263,3.70069010361334,3.12989314678526,4.92552145505201,3.35246365355065,3.00083302202362,3.34398040123511,2.2142880801357,2.1657629927447,3.06485955842833,4.79529488638349,9.55738274751771,3.16760200352802,1.74639067959122,1.74248556111159,2.96992481203008,2.5,1.31205673758865,6.55705996131528,6.7704280155642,3.76446158409967,4.13793103448276,3.41919048966884,3.1875,2.74590163934426,"Haute-Garonne",2.67123287671233,NA
"32",0.182711176646673,0.496202131601316,0.452488687782805,0.361332707648991,1.63636363636364,0.416329830234438,0.515890767531383,0.430908683802126,0.512519101916069,1.92307692307692,1.21827411167513,6.4,6.78362573099415,5.94594594594595,2.88515406162465,3.2,5.30805687203792,3.7696335078534,2.72727272727273,2.61083743842365,3.31325301204819,7.78625954198473,3.95,0.52025699367601,0.857908847184987,9.12371134020619,0.481586402266289,6.42857142857143,6.48648648648648,2.85714285714286,5.53459119496855,0.187176423735564,NA,1.31465517241379,0.0156049094097019,NA,0,3.03966985969025,0.494110441056808,1.6553911778503,0.644969632028754,1.27059342146379,2.77420135231596,0.285140183147785,1.54957948967093,1.67988332173219,0.247440614212795,1.05977112609146,0.749840869798851,0.819489142980976,0.154217004347545,0.112552607408591,4.3984962406015,2.63157894736842,2.5354609929078,2.06963249516441,9.22178988326848,4.98665084544646,2.97701149425287,1.29634871214265,4.625,3.04303278688525,"Gers",0.273972602739726,NA
"33",3.42383893034136,6.71402650334561,4.57013574660633,4.89441576724542,6.18181818181818,7.87793047696039,6.39225360370729,5.62783263973069,6.33243211472905,2.94871794871795,3.80710659898477,7.4,4.50292397660819,5.67567567567568,4.6031746031746,5.2,4.69194312796208,2.30366492146597,1.73160173160173,1.47783251231527,1.62650602409639,3.05343511450382,3.05,6.44101746366942,2.46648793565684,5.51546391752577,4.6742209631728,6.07142857142857,7.02702702702702,2.14285714285714,4.27672955974843,2.25408203902828,NA,0.0862068965517241,0.00280537697253068,NA,3.77074752556841,7.47061979533517,3.58429890421596,3.09122005655572,6.83851539499207,2.14149891671822,2.80308557719034,1.40755428626424,1.26082392345507,4.4290131359418,2.86957541755232,4.50170154569898,6.97948607927498,3.7866480812095,1.53010919680437,1.38875175898034,3.19548872180451,6.57894736842105,2.19858156028369,5.39651837524178,4.86381322957198,4.72560071195491,5.17816091954023,2.28700820832154,3.75,2.35655737704918,"Gironde",4.52054794520548,NA
"34",2.57946494894509,4.87044382932659,2.80542986425339,4.35945565462224,3.09090909090909,5.29102667744543,4.47563290177156,4.51647274103014,4.57388033384272,7.56410256410256,4.26395939086294,5.2,4.44444444444444,7.56756756756757,2.59570494864613,6.8,9.09952606635071,6.38743455497382,5.28138528138528,4.92610837438424,4.69879518072289,5.72519083969466,7.1,4.58052511470531,2.35924932975871,5.10309278350516,5.04249291784702,6.07142857142857,7.02702702702702,2.85714285714286,4.40251572327044,3.29350856232577,NA,0.0862068965517241,0.0603740502630041,NA,5.98465224217282,5.64617019926574,5.15208350908034,3.44194451986978,7.38695752744445,2.5751534380751,4.39630514851246,2.15099765730054,4.7903369311603,2.94391274011612,4.51972174701708,5.06258317114414,5.8544895557161,4.33732978267947,2.01421530582121,1.82565820362503,3.34586466165414,2.76315789473684,1.18794326241135,3.77176015473888,3.69649805447471,6.05458320973005,1.47701149425287,2.96631757712992,3.15625,4.91803278688525,"Hérault",8.42465753424658,NA
"35",1.46678936106522,4.18679119170608,3.2579185520362,3.13937118723604,3,3.7429264349232,4.01378507615668,2.86765443918559,3.39955330903961,1.79487179487179,3.80710659898477,10,5.2046783625731,1.35135135135135,4.36041083099907,3.2,3.74407582938389,1.36125654450262,0.735930735930736,0.147783251231527,0.180722891566265,1.90839694656489,3.7,4.02215721616705,2.30563002680965,6.80412371134021,3.54107648725213,7.49999999999999,7.02702702702702,2.14285714285714,3.77358490566038,1.28235762644365,NA,0.0862068965517241,0.00812390414962011,NA,2.01438979343451,2.32103188133739,1.80551745916681,1.74470316153528,3.34932300368682,1.39975388497848,2.06856953275467,1.72267073205059,1.76262577213255,2.83271979986425,1.51677592270359,3.24110370825033,2.12674545601803,1.63830980671904,0.78878388408973,0.731872023213786,3.23308270676692,5.52631578947368,2.5177304964539,9.09090909090909,5.40856031128405,3.41738356570751,8.5,2.3889046136428,2.875,0.368852459016393,"Ille-et-Vilaine",2.53424657534247,NA
"36",0.128053039458075,0.632805518624267,0.271493212669683,0.412951665884561,1.36363636363636,0.28698464025869,0.593545827922525,0.512287962198013,0.480780533678147,3.58974358974359,1.7258883248731,3.4,6.31578947368421,4.05405405405405,2.10084033613445,2.8,5.92417061611374,5.44502617801047,3.46320346320346,2.70935960591133,2.65060240963855,4.50381679389313,6.85,0.635060351604193,0.160857908847185,9.02061855670103,0.821529745042493,2.85714285714286,2.7027027027027,7.14285714285714,7.04402515723271,0.258861011549184,NA,1.35775862068966,0.0203389830508475,NA,2.09264557830264,2.58062749576001,2.03086536150292,2.09640792915947,2.80149566631374,0.894151856140456,2.17145315383349,0.507017110719211,2.56432342611269,2.85482433578102,0.0142007589310946,4.08949172332271,0.943917398976628,1.80288837389499,0.207117604851865,0.185274931570493,5.56390977443609,6.18421052631579,4.39716312056738,1.23791102514507,4.24124513618677,6.81993473746663,3.63218390804598,1.00764223039909,5.78125,1.95696721311475,"Indre",3.83561643835616,NA
"37",0.777631185072674,2.29860036471161,1.4027149321267,1.40309713749413,2.27272727272727,2.10590137429264,2.15159819731392,1.65623045623354,2.09827201128482,3.07692307692308,2.94416243654822,6,5.90643274853801,4.32432432432432,3.8468720821662,3.6,4.78672985781991,2.93193717277487,1.86147186147186,1.42857142857143,1.32530120481928,2.44274809160305,4.9,2.18478241990239,1.58176943699732,6.57216494845361,3.71104815864023,7.85714285714285,7.2972972972973,3.57142857142857,2.9559748427673,0.688968538430904,NA,0.625,0.00391583869082408,NA,2.00419124585592,3.45393720882887,1.89089688140507,1.92798874192263,3.81200683833441,2.42516917752637,2.86302964255692,0.822556273376872,0.633372775883262,4.28929970849454,2.19118316018714,5.7608354907935,4.07169368497223,2.31887973473978,0.853719662278938,0.972345251795326,4.92481203007519,5.26315789473684,3.54609929078014,4.8742746615087,3.69649805447471,4.74636606348265,6.48275862068965,1.98414944806114,3.6875,1.89549180327869,"Indre-et-Loire",3.97260273972603,NA
"38",1.98254930873532,4.80661929774852,3.710407239819,3.96527451900516,4.63636363636364,4.6160064672595,4.87507003287745,3.91469845657327,4.84542141765605,2.30769230769231,2.89340101522843,6.8,6.8421052631579,4.86486486486486,4.90196078431372,3.6,3.7914691943128,2.25130890052356,1.6017316017316,0.788177339901478,0.783132530120482,2.06106870229008,3.05,4.82696293291483,2.49329758713137,7.16494845360825,2.91784702549575,7.85714285714285,8.10810810810811,0.714285714285715,3.52201257861635,2.40939864595779,NA,2.97413793103448,0.231969608416131,NA,3.53894065406115,7.9938404421531,3.23646939685924,2.68774699507289,5.70202453048527,1.89066691673309,2.92041192643269,1.01940996059174,3.03025893082541,2.09012784542709,4.03150940686491,5.23048655485543,6.42204593227015,4.08651105008096,1.07188082848304,1.05838341061392,4.58646616541353,3.15789473684211,2.26950354609929,6.90522243713733,3.65758754863813,5.18837140314447,4.10344827586207,2.567223322955,3.0625,2.88934426229508,"Isère",5.20547945205479,NA
"39",0.231049813186691,0.773886067580625,0.769230769230769,0.699202252463632,2,0.598221503637833,0.763854204216595,0.594748179775628,0.722934054308217,1.41025641025641,1.52284263959391,5.6,6.95906432748538,6.21621621621622,3.8468720821662,2.8,2.03791469194313,2.25130890052356,1.68831168831169,0.935960591133005,1.26506024096386,2.82442748091603,2.8,0.779721547228779,0.482573726541555,8.47938144329897,1.41643059490085,6.07142857142857,5.94594594594595,4.28571428571429,5.22012578616352,0.27479091995221,NA,3.90086206896552,0.0804208065458796,NA,1.76573015457833,1.68520252789966,1.56239335159493,1.5714595317378,2.891923423182,0.996241392405589,0.920716745291861,1.25624277660192,2.41946311595676,4.53297526413038,0.189247904456457,2.2210123085242,1.09626377290651,1.43554001317456,0.232998861809599,0.134417817999515,7.29323308270677,5.78947368421053,3.79432624113475,3.79110251450677,3.34630350194552,6.15544348857906,2.97126436781609,1.73506934616473,3.03125,2.46926229508197,"Jura",4.04109589041096,NA
"40",0.618645852966285,1.46726495353923,0.81447963800905,1.3139371187236,2.45454545454545,1.47534357316087,1.51117558237676,1.17335948176687,1.40237451510521,3.33333333333333,0.81218274111675,8.2,7.19298245614035,5.94594594594595,3.56676003734827,5.2,2.60663507109005,2.14659685863874,1.55844155844156,1.2807881773399,1.08433734939759,3.12977099236641,3.3,1.53031923625791,0.64343163538874,8.50515463917526,1.3314447592068,3.92857142857142,6.21621621621621,2.85714285714286,6.66666666666667,0.637196336121067,NA,0.0862068965517241,0.00689655172413793,NA,1.69901690027053,2.33433509581094,1.56405616818237,1.65854354183471,2.59611337944345,1.55568626934282,2.40961404864286,3.24163323353979,1.3089557391688,3.87379229564463,0.0125504388707146,1.81162262727572,1.86200764823132,1.39271839167827,0.766795827351365,0.300833985177894,3.7218045112782,3.81578947368421,1.87943262411348,1.74081237911025,10,5.09937703945417,4.14367816091954,0.990659496178885,6.125,2.33606557377049,"Landes",4.79452054794521,NA
"41",0.308879452753418,1.04729263384262,0.497737556561086,0.755513843266072,1.54545454545455,0.658852061438965,1.06241503763317,0.787309774006501,0.962736569883625,2.30769230769231,0.964467005076141,4.8,7.71929824561404,4.32432432432432,3.25863678804855,3.2,3.7914691943128,4.24083769633508,2.72727272727273,1.67487684729064,1.14457831325301,1.83206106870229,4.25,1.08231720128575,0.563002680965148,9.02061855670103,0.906515580736544,6.07142857142857,4.86486486486486,4.28571428571429,5.15723270440252,0.438072481083234,NA,1.22844827586207,0.00812390414962011,NA,1.44142186114882,3.31324563984915,1.96888714342602,2.79031673629211,2.79379126135327,0.9770626112931,2.1500843803118,0.15145608678554,1.37288101084736,4.33617306125447,1.13490079155954,3.94685817033044,1.52162867084449,3.39300653844437,0.279912440295925,0.295923833907452,5.78947368421053,4.73684210526316,4.13120567375887,2.88201160541586,3.11284046692607,6.5944823494512,4.7183908045977,0.860458533823946,4,2.85860655737705,"Loir-et-Cher",3.83561643835616,NA
"42",1.00036586582702,2.83245424758251,3.16742081447964,2.71234162365087,2.54545454545454,2.48181083265966,2.74446360244778,2.17508126346348,2.64605618902081,4.1025641025641,2.53807106598985,4.4,7.66081871345029,4.59459459459459,2.75443510737628,3.6,6.2085308056872,4.76439790575916,3.85281385281385,2.85714285714286,2.34939759036145,3.43511450381679,6.5,2.83314404879899,0.831099195710456,6.49484536082474,3.71104815864023,5.7142857142857,6.75675675675676,2.14285714285714,3.83647798742139,1.41377937076862,NA,2.88793103448276,9.52624196376388,NA,3.19198024447839,5.07933717809988,2.67716253719414,2.00659311005859,7.23588200380395,1.52440124609814,2.88793814845887,0.790722553638563,3.14244002258174,0.197763109030357,1.95263443594581,4.55700983935733,2.52270492684896,3.07355185729966,0.606397405029926,0.960696727933402,5.37593984962406,3.15789473684211,3.24468085106383,3.63636363636364,3.34630350194552,5.8706615247701,4.16091954022988,1.83696575148599,3.53125,3.27868852459016,"Loire",3.15068493150685,NA
"43",0.188365466700666,0.620145957295322,0.633484162895928,0.783669638667292,2.09090909090909,0.565885206143897,0.630361043913329,0.405969872680806,0.590102268719878,1.79487179487179,1.6751269035533,5.4,7.48538011695906,2.97297297297297,2.87581699346405,2.8,2.13270142180095,1.72774869109948,1.42857142857143,1.42857142857143,1.92771084337349,4.9618320610687,3.7,0.646070044055578,0.402144772117963,9.5360824742268,0.226628895184135,4.99999999999999,4.32432432432432,4.28571428571429,5.47169811320755,0.29868578255675,NA,8.55603448275862,0.0952659263588545,NA,0.692038419144652,1.8081822921824,0.164957568374221,0.129249239907625,1.77134028212499,0.905021371119211,1.69020139567944,1.25505485116855,4.65154597238001,1.45200500351803,0.284725581156062,0.655784586306223,0.382132602621107,0.771588171138253,0.0328245195346371,0.114446181036582,5.6390977443609,5,6.87943262411348,3.30754352030948,3.2295719844358,6.56185108276476,2.01149425287356,1.03594678743278,4.03125,2.64344262295082,"Haute-Loire",3.9041095890411,NA
"44",2.0896482144639,5.684479050878,4.6606334841629,3.6931018301267,3.72727272727273,5.29102667744543,5.50632865578859,4.0760672344171,5.27447984013166,1.66666666666667,3.09644670050761,9.4,6.08187134502924,2.43243243243243,4.76190476190476,4.4,2.74881516587678,1.09947643979058,0.606060606060606,0.394088669950739,0.481927710843373,1.6030534351145,3.35,5.53572939352563,2.38605898123324,7.16494845360825,3.11614730878187,6.42857142857143,5.94594594594595,2.85714285714286,4.90566037735849,1.77618478693747,NA,0.0862068965517241,0,NA,2.89803084348409,6.79223371719483,2.34737381385935,1.71716768986904,5.02245233947534,1.77714114074807,2.56899795204543,1.22602595663262,1.52588399789848,3.48695081870156,3.78862584680664,9.33724045823413,9.4445230432708,5.37052732644819,1.35331856502001,1.21185559107973,3.49624060150376,5.65789473684211,3.03191489361702,9.7678916827853,5.21400778210117,3.37288638386236,7.05172413793103,2.73705066515709,3.34375,1.11680327868852,"Loire-Atlantique",4.31506849315068,NA
"45",0.838608822909853,2.44260514519445,1.44796380090498,1.52510558423275,2.09090909090909,1.45513338722716,2.46443343221179,2.0751715990951,2.30280945104032,3.84615384615385,2.69035532994924,5.2,6.95906432748538,3.78378378378378,3.80018674136321,3.2,4.12322274881517,4.13612565445026,3.03030303030303,1.82266009852217,1.32530120481928,1.29770992366412,4.75,2.46525223401508,1.28686327077748,7.44845360824742,2.6628895184136,4.64285714285714,5.67567567567567,4.28571428571429,5.40880503144654,0.804460374352848,NA,1.5301724137931,0.00946814728229106,NA,2.95697178246766,4.87190922821633,3.46627206036801,3.87731134051078,2.806055151832,2.42849392258476,3.3189968179219,0.832464215976939,2.2983042076452,4.74450478821063,1.73908533561038,3.98622361587099,2.01701028335744,2.13826217979887,0.435595698207318,0.674535707732853,5.18796992481203,3.28947368421053,4.29078014184397,3.57833655705996,2.87937743190661,5.94778997330169,5.29310344827586,1.46334559864138,3.21875,2.64344262295082,"Loiret",3.28767123287671,NA
"46",0.136035566593124,0.453791693002913,0.226244343891403,0.450492726419521,1.36363636363636,0.295068714632175,0.443838337336246,0.328991560953388,0.450217467967556,3.97435897435897,0.761421319796954,4.4,7.60233918128655,5.94594594594595,2.6984126984127,3.6,4.88151658767773,4.24083769633508,3.63636363636364,3.20197044334975,2.89156626506024,6.03053435114504,5.4,0.457952779905322,0.857908847184987,9.43298969072165,0.169971671388101,5.7142857142857,5.67567567567567,4.28571428571429,6.28930817610063,0.34647550776583,NA,1.48706896551724,0.0383985973115137,NA,0.894026942156017,2.23318996173872,0.39231865379184,0.329617514365777,1.28047440263642,1.58146226722819,1.15272905350166,0.747595858126296,2.03287000564162,3.2805934017898,0.107811183740816,1.4536922373528,0.263162008815291,1.07164753002723,0.184446358556396,0.138492227205609,4.81203007518797,5.39473684210526,3.88297872340426,3.42359767891683,6.14785992217899,4.16493622070602,3.02298850574713,2.8163034248514,6.375,1.39344262295082,"Lot",4.72602739726027,NA
"47",0.364424537401466,1.08341869909839,0.81447963800905,0.830595964335993,2.27272727272727,0.642683912691997,1.08659176225159,0.934471922604755,0.946279534500999,3.84615384615385,1.37055837563452,4.2,7.01754385964912,7.2972972972973,1.89542483660131,4,5.6872037914692,5.60209424083769,4.45887445887446,4.23645320197044,4.27710843373494,7.48091603053435,6.7,1.11181645357916,0.455764075067024,8.11855670103093,1.72804532577904,5.7142857142857,7.02702702702702,5,4.9685534591195,0.378335324571884,NA,0.344827586206897,0.00964348334307422,NA,3.46647464858528,5.59908724136265,3.68644187733003,3.67721180152096,3.13643976507589,1.73607495785292,5.2175212386075,0.528606512319354,0.248331698803407,3.14362822705961,0.723348456127864,1.91245565529535,1.63516034759171,1.73478488029612,0.567165475898842,0.371529221728274,4.54887218045113,3.94736842105263,2.14539007092199,1.25725338491296,3.3852140077821,6.46099080391575,1.95977011494253,1.33880554769318,4.65625,4.36475409836066,"Lot-et-Garonne",4.45205479452055,NA
"48",0,0,0.0452488687782805,0,1.45454545454545,0,0,0,0,0.641025641025641,3.3502538071066,4.6,5.6140350877193,2.16216216216216,2.39028944911298,1.6,3.50710900473934,3.50785340314136,3.24675324675325,3.00492610837438,3.19277108433735,7.70992366412214,4.3,0,0.589812332439678,8.27319587628866,1.21813031161473,4.64285714285714,3.24324324324324,4.28571428571429,6.79245283018868,0.0318598168060534,NA,4.26724137931035,0.092343658679135,NA,1.69725210460525,0,0.736137436083779,0.00762107930162649,0.39606696693056,0,0,0.571854147495161,1.19593164386811,3.55223874100691,0.00230055503632976,1.48936075052792,0.634841053885159,0.244237238297487,0.0471240160630559,0,3.87218045112782,5.65789473684211,6.20567375886525,2.41779497098646,4.94163424124514,4.98368436665678,1.80459770114943,1.61902066232663,5.15625,2.52049180327869,"Lozère",5.82191780821918,NA
"49",0.928301384746721,3.01061441555328,2.85067873303167,2.03660253402159,2.81818181818182,2.85367825383994,3.14877950971919,2.02359535813831,2.86705066415893,2.69230769230769,2.69035532994924,6.4,7.48538011695906,1.08108108108108,3.24929971988796,3.2,3.36492890995261,1.98952879581152,1.16883116883117,0.541871921182266,0.72289156626506,2.13740458015267,5.35,2.9920590141927,1.15281501340483,6.98453608247423,3.39943342776204,7.49999999999999,7.2972972972973,2.14285714285714,3.27044025157233,0.880127439267224,NA,0.0862068965517241,0.00566919929865576,NA,0.820563928468287,2.72110191223273,0.524270017450232,0.685328714946363,3.16969919161517,0.983386778324697,3.0290630018446,0.62401487410279,0.0887398994057026,4.30482894935919,0.839837570248332,5.16546702353237,1.75232014334501,2.11485321340352,0.382128201579232,0.363598123980243,4.58646616541353,4.60526315789474,3.38652482269504,6.96324951644101,4.04669260700389,4.36665677840404,9.1264367816092,1.27653552221908,2.125,0.696721311475409,"Maine-et-Loire",3.56164383561644,NA
"50",0.378061354590507,1.79055600357446,1.6289592760181,1.60957297043641,3.09090909090909,1.14389652384802,1.7901054944864,1.16942177474772,1.49641471729164,1.28205128205128,0.913705583756346,6.4,7.77777777777778,2.7027027027027,3.23062558356676,1.2,1.65876777251185,1.93717277486911,1.47186147186147,1.13300492610837,1.32530120481928,3.58778625954199,4.15,1.82172030226508,0.455764075067024,7.83505154639175,2.35127478753541,4.28571428571428,3.51351351351351,5.71428571428571,7.61006289308176,0.688968538430904,NA,0.0862068965517241,0.0144944476914085,NA,0.745730151014003,0.28694496912289,0.661567628882783,1.05343608432638,1.70849487397786,0.222248317682309,2.36225537862381,0.849183306275443,0.708977884118556,4.51595994077122,0.107088708026804,0.422824305287417,0.0996242746533181,0.619548200270821,0.115586226316847,0.0836386360888569,5.67669172932331,6.31578947368421,3.91843971631206,3.34622823984526,4.31906614785992,5.63334322159597,7.39080459770115,0.775544862722898,4.3125,0.696721311475409,"Manche",2.26027397260274,NA
"51",0.710001441289622,2.0649433679882,1.17647058823529,1.6752698263726,2.81818181818182,1.79062247372676,1.94178186803562,1.71521885157933,1.74444575055836,3.97435897435897,3.65482233502538,5.8,5.14619883040935,3.51351351351351,3.55742296918768,2.8,6.25592417061611,4.92146596858639,3.2034632034632,2.06896551724138,1.74698795180723,1.98473282442748,6.9,1.96814080752312,1.20643431635389,4.84536082474227,5.4957507082153,4.28571428571428,3.24324324324324,5,5.47169811320755,0.840302668259657,NA,1.18534482758621,0.009760374050263,NA,4.24010189088432,4.30403240949954,4.86865179589254,5.06642688015078,6.59192934728272,1.88086533235607,3.79991266368702,0.743403369783231,3.1591020098655,3.51399132976012,2.15470843730485,5.37146331353063,3.23786423692687,3.62930384304879,0.612093633519022,0.97192321499145,5.03759398496241,2.76315789473684,4.02482269503546,2.03094777562863,1.32295719844358,7.42212993177099,5.1264367816092,0.53212567223323,2.28125,2.9405737704918,"Marne",2.87671232876712,NA
"52",0.0689601649722275,0.410246071358514,0.361990950226244,0.201783200375411,1.45454545454545,0.185933710590137,0.397381385659293,0.346827057451917,0.335018220289174,2.94871794871795,1.97969543147208,4.4,6.14035087719298,4.86486486486486,2.17553688141923,2.4,4.83412322274881,5.13089005235602,3.59307359307359,2.5615763546798,2.59036144578313,4.19847328244275,6.7,0.419584141784668,0,8.09278350515464,1.8413597733711,2.5,3.51351351351351,6.42857142857143,6.85534591194969,0.0159299084030267,NA,2.54310344827586,0.0236119228521333,NA,4.04591534579816,2.9644797516266,4.28951271172278,4.15385346222566,4.75648671080531,0.909746124656424,2.15983400783495,0.933956942910478,4.16333264409511,6.42469739730745,0.472113629688126,5.88482360017284,1.64873443047804,1.85337379552867,0.176772172589392,0.158635965534635,6.91729323308271,4.21052631578947,3.88297872340426,0.599613152804642,1.71206225680934,9.21388312073569,2.08045977011494,0.0962354939145202,2.3125,2.70491803278688,"Haute-Marne",2.87671232876712,NA
"53",0.245462709402752,0.911615556185204,0.85972850678733,0.595964335992492,1.54545454545455,0.489086499595796,0.954821374540896,0.522634094365991,0.825202774185965,0.769230769230769,1.21827411167513,6.2,8.7719298245614,0,2.99719887955182,1.2,1.99052132701422,1.83246073298429,1.16883116883117,0.886699507389163,0.843373493975903,3.51145038167939,4.65,0.940093265822161,0.402144772117963,8.68556701030928,1.47308781869688,7.49999999999999,5.13513513513513,2.85714285714286,6.10062893081761,0.246913580246914,NA,0.495689655172414,0.0173582700175336,NA,0.350310585626792,1.36841160674862,1.30422648593478,2.83313933880735,1.16349273797976,0.832848571008377,2.49609461076904,0.791009496568234,3.44695247749316,4.17443514078027,0.34714715092313,1.9598175846807,0.733280184628116,0.554404715931484,0.156865607375275,0.247704485911369,5.26315789473684,4.47368421052632,4.53900709219858,4.46808510638298,4.39688715953307,4.99851676060516,9.5919540229885,0.447212001132182,2.40625,0.594262295081967,"Mayenne",3.08219178082192,NA
"54",0.838941428207147,2.76661363091476,1.90045248868778,1.98029094321915,4.09090909090909,2.62328213419563,2.57092683717772,2.35305017874101,2.4603267897026,3.58974358974359,4.46700507614213,5.8,4.91228070175438,4.59459459459459,3.72549019607843,2.4,6.82464454976303,4.60732984293194,3.33333333333333,2.36453201970443,2.04819277108434,3.12977099236641,5.6,2.63683534934903,1.34048257372654,6.18556701030928,4.07932011331445,2.85714285714286,2.97297297297297,5.71428571428571,7.16981132075472,0.637196336121067,NA,3.77155172413793,0.0357101110461718,NA,4.0131327070607,2.44258762315853,4.27210048352792,4.16024698363343,5.31230179657618,1.59172336854821,2.927462754558,1.68035875994807,3.30372808632985,3.91064464746565,1.31977968489946,2.60152556647473,1.59697493248245,1.53493865269445,0.622598720619858,0.414763321604404,4.32330827067669,5.65789473684211,1.43617021276596,3.2495164410058,3.30739299610895,6.51142094334026,4.14367816091954,2.01811491650156,3.25,2.46926229508197,"Meurthe-et-Moselle",3.08219178082192,NA
"55",0.0923534042152178,0.42968948657033,0.452488687782805,0.356640075082121,1.45454545454545,0.278900565885206,0.446284963959308,0.391068353961256,0.387915834019043,3.97435897435897,1.97969543147208,5,6.66666666666667,3.78378378378378,2.6797385620915,1.6,6.01895734597156,4.3979057591623,2.72727272727273,2.21674876847291,2.59036144578313,4.58015267175572,6.7,0.45407557523542,0.0536193029490617,8.81443298969072,0.991501416430595,1.42857142857142,2.97297297297297,7.85714285714286,6.85534591194969,0.01194743130227,NA,2.75862068965517,0.0194038573933372,NA,3.42214050601714,3.30486405310614,3.09364561929024,2.54921694812993,3.82715608023187,0.700877917795779,2.44704168340161,2.32838121488839,4.04273744857669,4.27581387779225,0.68581146429306,3.01580309583984,0.89576481226178,2.08921726907847,0.195064952155607,0.168723987329538,5.82706766917293,5.52631578947368,2.65957446808511,1.43133462282398,2.17898832684825,8.77187778107387,2.98850574712644,0,2.4375,3.29918032786885,"Meuse",2.53424657534247,NA
"56",0.876858432098629,2.96617881040082,1.94570135746606,2.59971844204599,2.72727272727273,2.6677445432498,2.84397905455977,1.98985461368006,2.62842365111085,2.05128205128205,1.7258883248731,6.6,7.36842105263158,4.05405405405405,3.8468720821662,3.2,2.8436018957346,2.09424083769633,1.2987012987013,0.935960591133005,0.542168674698795,2.13740458015267,3.7,2.96971466126846,0.991957104557641,8.91752577319588,1.1614730878187,4.64285714285714,4.59459459459459,4.28571428571429,6.85534591194969,1.13102349661489,NA,0.0646551724137931,0.0106370543541788,NA,1.75519515521653,2.3821194576737,1.56553358452635,1.5909572896756,2.06477907618964,1.0732728286078,2.68283505524015,1.30481285724363,0.538465623756428,3.0418517532102,0.408892557039825,4.26638441216531,1.51208248587079,1.20051545454699,0.393808042398126,0.220576856308121,4.28571428571428,6.05263157894737,3.40425531914894,6.46034816247582,3.19066147859922,4.88579056659745,7.45402298850575,1.20577412963487,3.9375,1.48565573770492,"Morbihan",3.28767123287671,NA
"57",1.19627038593301,3.95187187143553,2.53393665158371,3.45377756921633,5.54545454545455,2.98706548100242,4.04839977589479,3.45236532655945,3.94145997413894,3.71794871794872,2.53807106598985,4.4,7.83625730994152,4.86486486486486,3.69747899159664,3.2,5.7345971563981,5.54973821989529,4.1991341991342,2.26600985221675,2.28915662650602,4.19847328244275,6.15,4.12247708555231,1.07238605898123,6.82989690721649,3.11614730878187,0.714285714285712,3.51351351351351,4.28571428571429,7.35849056603774,0.951812027080844,NA,3.21120689655172,0.0506721215663355,NA,2.48377751534569,3.61970355660144,2.68856483552664,2.91856539902072,3.94555994339091,0.156311392067706,3.91551384546235,1.32520947320574,1.41648748899165,0.361637068433278,1.19767688613652,1.97758975028938,1.89526723807353,1.25513276765098,0.355740376867929,0.416173617837999,5.6390977443609,4.60526315789474,1.25886524822695,2.26305609284333,1.90661478599222,7.36576683476713,3.62068965517241,1.51146334559864,1.4375,3.35040983606557,"Moselle",3.01369863013699,NA
"58",0.122066144106788,0.58617219909476,0.452488687782805,0.398873768183951,1.81818181818182,0.26677445432498,0.525098190799236,0.447740451060479,0.463147995768191,3.20512820512821,1.7258883248731,2.8,6.08187134502924,5.40540540540541,2.20354808590103,1.2,6.2085308056872,5.81151832460733,4.1991341991342,3.79310344827586,3.07228915662651,3.51145038167939,6.45,0.573266001453391,0.268096514745308,8.91752577319588,0.878186968838526,2.5,2.16216216216215,10,6.35220125786164,0.183193946634807,NA,2.93103448275862,0.0431326709526593,NA,1.11611056196259,3.78969552622617,0.958298339266784,1.18088804025339,3.80522492378733,1.77915058839672,2.1512251219368,0.282813414875432,1.50272050397342,3.77319760513235,0.900909456023538,3.65656956604549,0.51642877785212,2.60113053547895,0.272772145524749,0.203235983957361,4.92481203007519,5.52631578947368,2.89007092198581,1.3926499032882,3.77431906614786,7.01868881637496,3.33333333333333,1.12086045853382,8.125,2.37704918032787,"Nièvre",3.83561643835616,NA
"59",3.45576903888156,10,8.09954751131222,6.84655091506335,10,9.63621665319321,10,10,10,6.92307692307692,4.36548223350254,5,4.97076023391813,3.78378378378378,2.16619981325864,4,8.53080568720379,6.8586387434555,5.10822510822511,4.5320197044335,4.1566265060241,5.0381679389313,9.25,10,1.66219839142091,5.41237113402062,4.98583569405099,0.714285714285712,0.810810810810803,5.71428571428571,7.48427672955975,3.45679012345679,NA,0,0.00888369374634717,NA,5.55885608237852,6.72408840450496,6.91241207177629,7.49148361713524,8.10468295725749,1.30458161161085,3.8014279499113,2.2213345999636,5.35860878823747,5.95246504159122,3.51192979451592,6.2381960408094,6.76881775646545,4.92915704958112,0.95584420032545,1.76273771809157,2.66917293233083,2.23684210526316,0.638297872340425,2.39845261121857,1.86770428015564,7.0394541679027,3.82758620689655,2.31814322105859,7.46875,1.53688524590164,"Nord",1.23287671232877,NA
"60",0.993381154583855,2.81389173441439,2.17194570135747,1.87705302674801,3.36363636363636,1.77445432497979,3.08820740444765,2.77160527189481,2.61784412836488,4.1025641025641,2.79187817258883,5,6.66666666666667,2.7027027027027,4.02427637721755,4,3.74407582938389,3.56020942408377,2.51082251082251,1.47783251231527,1.3855421686747,1.98473282442748,4.3,3.0276149980586,0.96514745308311,7.19072164948454,2.88951841359773,1.42857142857142,3.24324324324324,3.57142857142857,7.79874213836478,0.999601752289924,NA,0.560344827586207,0.00701344243132671,NA,2.84610825998467,4.37772827604193,3.97311504338017,5.02854288145081,4.86728410709825,1.18884516726922,2.68566593767027,1.38966131454627,3.75444845792262,4.10848437806374,2.78258902555482,7.58624363021448,2.72747750776747,5.97132611637126,0.351598295233705,0.635749062522633,5.15037593984962,3.42105263157895,2.25177304964539,1.76015473887814,0.311284046692607,7.9293978048057,2.63793103448276,1.56807245966601,3.09375,3.20696721311475,"Oise",2.32876712328767,NA
"61",0.182822045079105,0.850215775593383,1.13122171945701,0.675739089629282,1.90909090909091,0.489086499595796,0.83081070203707,0.597759367496159,0.752321617491478,2.94871794871795,1.6751269035533,3.2,7.25146198830409,3.51351351351351,2.22222222222222,2,5.07109004739337,5.44502617801047,3.76623376623377,3.10344827586207,2.59036144578313,3.51145038167939,7.05,0.871059972848361,0.214477211796247,8.01546391752577,2.06798866855524,4.28571428571428,4.32432432432432,6.42857142857143,5.91194968553459,0.31063321385902,NA,1.07758620689655,0.0171829339567504,NA,1.8989710730946,2.24289745768169,2.24722546069605,2.77159650426322,3.10060034354155,0.710885273953349,2.9464234438348,0.767333860054377,1.61698756886263,6.43526677204323,0.352267036278877,3.06058279045712,0.310115770203014,1.33042586217237,0.142213188889162,0.168890945492531,6.09022556390977,5.26315789473684,5.1063829787234,2.34042553191489,2.4124513618677,6.57075051913379,6.18965517241379,0.416076988395132,2.96875,1.70081967213115,"Orne",2.53424657534247,NA
"62",1.34771666463408,5.36748145564976,3.710407239819,4.15297982167996,6.27272727272727,4.66046887631366,5.74773397495755,5.14959426175714,5.24391677442106,5.51282051282051,2.28426395939086,6,6.25730994152047,2.97297297297297,1.58730158730159,3.2,7.96208530805687,6.64921465968586,4.5021645021645,3.69458128078818,3.79518072289157,5.49618320610687,9.2,5.69245922911982,0.268096514745308,6.34020618556701,3.90934844192635,0,0,8.57142857142857,8.74213836477987,1.57706093189964,NA,0.0862068965517241,0.00537697253068381,NA,4.7511042869578,3.99971680086992,6.5533944969558,7.78881556567336,7.48494803296271,0.340197973458065,3.39567886009368,0.940310157127251,3.2204504607957,6.70693911178151,1.6227824642703,3.33069527939053,2.29079211400743,2.03907315314749,0.319396951392995,0.582911215771302,3.23308270676692,2.76315789473684,0.407801418439716,0,2.02334630350195,9.83091070898843,2.81609195402299,0.571752052080385,6.5625,0.942622950819672,"Pas-de-Calais",1.57534246575342,NA
"63",0.770757342261938,2.53997660614779,1.67420814479638,2.1445330830596,3.90909090909091,2.26758286176233,2.31665139334662,1.94013141132052,2.02068884448102,2.82051282051282,3.45177664974619,7.6,4.85380116959064,5.40540540540541,3.77217553688142,2.4,6.2085308056872,3.1413612565445,2.20779220779221,1.97044334975369,2.04819277108434,3.43511450381679,4.3,2.41534162823546,1.68900804289544,7.29381443298969,2.71954674220963,4.64285714285714,4.86486486486486,4.28571428571429,5.91194968553459,0.979689366786141,NA,5.60344827586207,0.103272939801286,NA,1.93874435170883,5.04276908823103,1.08547195593444,0.401938499609703,5.93839470567434,1.35417460388778,2.47885489079533,1.31482347401167,0.291081649044125,0.271740861206752,1.38880180214689,2.16623520654483,3.27173639104326,2.83360898729831,0.532229775849119,0.546864086083768,3.87218045112782,5.39473684210526,3.33333333333333,4.48742746615087,5.25291828793774,4.8412933847523,4.76436781609195,2.00396263798472,7.34375,1.56762295081967,"Puy-de-Dôme",4.10958904109589,NA
"64",1.05846092442099,2.69760358318258,2.71493212669683,2.30877522290005,3.36363636363636,2.8981406628941,2.51326462510876,2.18172131843696,2.09592100623016,1.79487179487179,3.04568527918782,7.2,5.43859649122807,6.48648648648649,3.99626517273576,4,4.45497630331754,2.19895287958115,1.86147186147186,1.82266009852217,1.50602409638554,3.43511450381679,3.55,2.65745961291826,1.79624664879357,7.16494845360825,2.80453257790368,6.42857142857143,6.75675675675676,2.85714285714286,4.59119496855346,1.18279569892473,NA,0.0862068965517241,0.166803039158387,NA,1.4687467940045,2.40967752250226,0.975622084349681,0.772716209515594,2.78087451293634,0.862140585165782,3.48506191287789,1.03888075320087,1.23202558171747,0,0.512031335213166,1.32453451040398,2.51955416278376,2.12944883559381,0.641394687303321,0.400971130464504,2.85714285714286,10,2.32269503546099,4.8936170212766,5.29182879377432,3.51231088697716,4.64942528735632,1.46617605434475,4.125,2.26434426229508,"Pyrénées-Atlantiques",4.58904109589041,NA
"65",0.232047629078572,0.687575830227472,0.678733031674208,0.591271703425622,1.09090909090909,0.517380759902991,0.634718645176888,0.656130083309527,0.521923122134713,4.48717948717949,3.14720812182741,4.8,4.97076023391813,7.2972972972973,2.34360410830999,4.8,6.35071090047393,5.54973821989529,3.76623376623377,2.9064039408867,3.19277108433735,5.57251908396947,5.75,0.682147097335206,0.697050938337802,7.98969072164948,1.86968838526912,4.99999999999999,5.94594594594595,5,4.84276729559749,0.33452807646356,NA,2.62931034482759,0.185797779076563,NA,2.09035266064706,2.15735303047399,1.66258477783007,1.36392636164979,2.86114903042468,1.21642297360067,3.14087304094742,1.46081058807338,2.24710979499285,1.74650994084148,0.669601030245721,1.64103377670481,1.61391134640519,1.07130686726678,0.690911685269397,0.366634898791793,3.30827067669173,3.42105263157895,0.726950354609929,2.26305609284333,5.87548638132296,4.93918718481163,3.02873563218391,1.65581658647042,6.75,2.27459016393443,"Hautes-Pyrénées",4.72602739726027,NA
"66",0.775524684856481,1.7877952384066,0.81447963800905,1.61426560300328,2.09090909090909,1.83912691996766,1.70648587688401,1.97441262536964,1.69742564946515,10,2.84263959390863,3.2,5.73099415204678,10,1.5219421101774,6.4,10,9.21465968586387,6.62337662337662,6.25615763546798,4.93975903614458,6.56488549618321,9.95,1.76566892145915,0.911528150134048,6.85567010309278,3.0028328611898,3.92857142857142,4.05405405405405,5.71428571428571,6.79245283018868,1.51732377538829,NA,0.0862068965517241,0.163763880771479,NA,5.89801918549136,3.49783656907471,5.60069962325761,4.44648887553711,8.42665011136596,1.99019345900902,5.9820906727015,3.68262716736572,2.46349646926593,4.31096596978024,2.86394853221419,6.18178679968708,5.77485466278286,4.47862573629707,1.27251992747416,1.31750666009632,3.87218045112782,3.42105263157895,0.549645390070921,1.47001934235977,3.57976653696498,8.0688223079205,0.477011494252873,1.53976790263232,3.78125,5.11270491803279,"Pyrénées-Orientales",7.05479452054795,NA
"67",1.51191281306474,4.35962054009285,2.71493212669683,4.2562177381511,3.09090909090909,4.84236054971706,4.39237521118441,3.52085054471614,4.51628071000353,2.69230769230769,3.50253807106599,5.4,7.36842105263158,3.24324324324324,4.73389355742297,3.2,4.59715639810427,3.56020942408377,3.03030303030303,1.52709359605911,1.20481927710843,1.83206106870229,4.6,4.39775301421847,2.09115281501341,5.82474226804124,4.30594900849858,3.92857142857142,4.59459459459459,2.85714285714286,6.0377358490566,1.33014735165273,NA,2.32758620689655,0.0572180011689071,NA,2.66298945692037,2.05627623259198,2.70320172373733,2.72277660719698,3.20441428178692,0.973314386062151,1.8373627348624,1.48579031152441,0.471434794197988,1.88679499067687,1.42852422883714,0.358087745286171,1.63237754486041,0.59111469040308,0.839819381101597,0.524321307349046,7.66917293233083,3.15789473684211,2.35815602836879,4.85493230174081,1.94552529182879,5.86176208840107,6.31609195402299,1.26238324370224,0.03125,2.8483606557377,"Bas-Rhin",2.94520547945206,NA
"68",0.870649799882479,2.76671352702281,1.6289592760181,2.39793524167058,2.90909090909091,2.14632174616006,2.87724738580117,2.30595211439425,2.97989890678265,3.58974358974359,2.13197969543147,5,8.65497076023392,4.86486486486486,5.08870214752568,4.8,4.12322274881517,4.13612565445026,3.11688311688312,1.57635467980296,1.3855421686747,1.6030534351145,4.95,2.91153417963224,1.09919571045576,6.95876288659794,3.08781869688385,3.57142857142857,5.94594594594595,2.85714285714286,5.66037735849057,0.943847072879331,NA,3.75,0.0761542957334892,NA,3.0968597664765,2.68003297498222,3.45853518308207,3.68622231714107,3.33138966372586,0.347633407448672,2.27851971916559,1.37706464672782,1.04036910944068,3.29544900583774,0.970418288508731,0,1.74255075343627,0.74689434626656,0.533581683057517,0.461447011325331,10,3.42105263157895,2.09219858156028,4.79690522243714,1.24513618677043,6.5944823494512,4.67816091954023,0.973676761958675,0,3.70901639344262,"Haut-Rhin",4.38356164383562,NA
"69",4.06975841768573,7.46259344826835,6.33484162895928,5.99249178789301,4.54545454545454,7.19886822958771,6.79583117986759,6.09194159840021,7.33396026801458,2.82051282051282,5.43147208121827,5.6,4.73684210526316,4.86486486486486,5.09803921568627,4.8,4.59715639810427,3.35078534031414,3.2034632034632,2.66009852216749,2.04819277108434,2.44274809160305,4.3,7.04167042527668,3.88739946380697,3.91752577319588,6.51558073654391,10,8.91891891891891,0.714285714285715,1.32075471698113,3.8510553564317,NA,3.16810344827586,0.051957919345412,NA,5.7741268148779,8.68174650692899,5.25521019945854,3.91219311133597,6.59372588260092,3.79770686244344,2.92570602754816,2.11448196500057,5.09278982531704,2.64185295868684,5.19165410902268,6.99928542934369,10,5.55368615936202,2.44988095972479,2.42174090121996,3.38345864661654,1.31578947368421,4.53900709219858,6.32495164410058,3.11284046692607,3.266093147434,6.26436781609195,3.23804132465327,1.6875,4.01639344262295,"Rhône",5.20547945205479,NA
"70",0.165637438052263,0.651277217148711,0.452488687782805,0.689816987329892,1.81818181818182,0.47696038803557,0.683419544348365,0.525259232378761,0.628893852121782,2.82051282051282,1.26903553299492,5.2,7.42690058479532,5.67567567567568,2.65172735760971,2.8,3.50710900473934,3.717277486911,2.46753246753247,1.6256157635468,2.04819277108434,3.96946564885496,4.9,0.675367592059799,0.214477211796247,9.12371134020619,0.736543909348441,2.14285714285713,4.05405405405405,6.42857142857143,6.9811320754717,0.0756670649143767,NA,4.0301724137931,0.0640561075394506,NA,2.54554235805743,2.05024447648751,2.52019350216544,2.50482097880522,3.41166522448046,1.10447934342163,2.3352555312027,1.05016182310315,0.783751844833682,3.69145711432493,0.537090574465714,0.913453759064737,0.388397346201631,1.2517570864722,0.196481806145573,0.0596603140226364,6.72932330827068,6.31578947368421,3.61702127659574,1.45067698259188,3.07392996108949,8.62058736280036,1.55747126436782,0.534956127936598,2.78125,3.01229508196721,"Haute-Saône",3.83561643835616,NA
"71",0.586494007561227,2.02427657054845,1.35746606334842,1.95213514781793,3.45454545454545,1.2287793047696,1.96688512581307,1.39719110232634,1.72563771012108,3.07692307692308,1.11675126903553,4.6,8.07017543859649,5.13513513513514,2.94117647058824,2.4,3.50710900473934,3.40314136125654,2.64069264069264,1.6256157635468,1.80722891566265,3.58778625954199,4.75,2.06552475892135,0.536193029490617,8.04123711340206,2.01133144475921,5.7142857142857,5.13513513513513,4.28571428571429,5.47169811320755,0.657108721624851,NA,3.68534482758621,0.0457042665108124,NA,1.61558291324644,3.31964792677768,1.63491257153418,1.90478335233148,2.26610551076369,0.895778594518204,2.30012109197775,1.01377891270665,2.38967091217629,0.440357832800215,0.710566613778902,3.55150779295312,0.830015179872269,1.90402155945255,0.197093751823639,0.189500863669803,6.31578947368421,4.07894736842105,3.74113475177305,2.22437137330754,4.16342412451362,6.48175615544349,4.54022988505747,1.05575997735635,3.96875,2.73565573770492,"Saône-et-Loire",4.65753424657534,NA
"72",0.522633790480836,1.9908931075318,1.53846153846154,1.58141717503519,2.63636363636364,1.09135004042037,2.01894470768603,1.53431595852282,1.66216057364523,3.58974358974359,1.77664974619289,6.6,7.30994152046784,3.51351351351351,2.99719887955182,2.4,4.739336492891,3.7696335078534,2.55411255411255,1.6256157635468,1.32530120481928,1.83206106870229,7.15,2.02051108505141,0.589812332439678,8.09278350515464,2.12464589235127,6.07142857142857,5.67567567567567,5,4.46540880503145,0.390282755874154,NA,0.517241379310345,0.0129748684979544,NA,2.81293680993238,3.49810393140735,3.22831822117168,3.58302679975294,4.27842728247294,2.15385728071717,3.57712653421282,0.574615634193447,0.345786854143113,7.36221819108622,2.06132651602399,3.21706301813466,2.9170822742673,1.9656326250285,0.534402993731093,0.793287964377903,4.81203007518797,4.73684210526316,4.23758865248227,4.10058027079304,3.3852140077821,6.56778404034411,4.90229885057471,1.27370506651571,3.5,1.25,"Sarthe",2.80821917808219,NA
"73",0.716099205073339,1.53860893761397,0.769230769230769,1.49225715626466,2,1.85529506871463,1.49251462547069,1.24207632974822,1.5140472552016,1.28205128205128,2.43654822335025,8,6.0233918128655,6.21621621621622,4.90196078431372,4.8,2.03791469194313,1.72774869109948,1.51515151515152,0.837438423645321,0.662650602409639,1.6030534351145,2.05,1.53225223569594,1.63538873994638,6.93298969072165,2.91784702549575,6.78571428571428,6.21621621621621,1.42857142857143,4.33962264150943,1.25049780963759,NA,4.54741379310345,0.218351841028638,NA,2.96398296192642,1.82903479135885,2.46401818554603,1.86726802076081,3.87173959353841,1.16359973771176,4.01833429560576,1.62897829447066,2.62149450591589,2.30529150211501,1.18868203787408,1.71991224603257,2.18208429784038,1.68979346297897,1.15254499413228,0.409645555759793,6.80451127819549,3.55263157894737,4.52127659574468,7.56286266924565,3.26848249027237,5.18837140314447,3.76436781609195,1.83413529578262,3.25,3.15573770491803,"Savoie",4.31506849315068,NA
"74",1.37077729857978,3.1046166532261,2.39819004524887,2.58564054434538,2.72727272727273,2.95877122069523,3.14631840601552,2.56946964491148,3.26319501586928,1.53846153846154,2.28426395939086,5,6.95906432748538,5.94594594594595,8.49673202614379,5.6,0.28436018957346,0,0.25974025974026,0,0.843373493975903,1.7557251908397,0,3.15584849990839,2.11796246648794,6.90721649484536,3.0028328611898,7.14285714285714,7.2972972972973,0.714285714285715,3.71069182389937,1.40183193946635,NA,5.47413793103448,0.273933372296902,NA,2.17977464199223,4.36561173888134,2.1029750691524,2.13099478335568,2.62834216113937,1.54107471125731,2.28945709325223,4.49153005195632,5.17084462864109,0.916035625445654,1.10084395123699,1.29911997695576,2.12970209537827,2.23266466759736,0.892423359235949,0.365059298463049,9.06015037593985,3.68421052631579,4.00709219858156,8.8394584139265,2.33463035019455,4.44971818451498,6.2183908045977,1.27936597792245,0.59375,3.6577868852459,"Haute-Savoie",4.45205479452055,NA
"75",10,9.91898425637337,10,10,9.36363636363636,9.79385610347615,6.94810111372181,7.444582564451,9.42635476666275,1.92307692307692,10,4.2,0,3.51351351351351,10,4.4,2.8436018957346,1.2565445026178,2.9004329004329,4.23645320197044,5.66265060240964,4.73282442748092,2.45,8.36543326361462,10,0,10,9.28571428571428,10,1.42857142857143,0,10,NA,0.668103448275862,0.000642898889538282,NA,10,6.6675240455257,7.20035621019941,2.49022365248359,9.22725310607677,10,4.15350840287802,7.65361060999461,9.28044756966948,10,9.05568026930221,2.69661640506287,9.86546506319503,6.47764628955076,10,10,0,0.789473684210527,6.41843971631206,10,4.74708171206226,0,8.98275862068966,4.61930370789697,1.34375,4.01639344262295,"Paris",1.98630136986301,NA
"76",1.42643325166025,4.92932804428849,3.43891402714932,3.85734396996715,6.45454545454546,4.28860145513339,4.75063952503594,4.30267841287244,4.45280357352768,4.61538461538461,3.2994923857868,5.2,5.55555555555555,4.05405405405405,3.09990662931839,2.8,6.2085308056872,4.76439790575916,3.37662337662338,2.61083743842365,2.16867469879518,2.44274809160305,7.5,4.80497716539359,1.01876675603217,5.05154639175258,5.41076487252125,2.85714285714286,3.24324324324324,6.42857142857143,6.66666666666667,1.87972919155715,NA,0.0862068965517241,0.00748100526008182,NA,3.85872442647246,3.34413050519007,3.9242049830847,3.65946206296911,5.22168185483945,1.28020589953694,3.61390325646523,1.17192879651997,3.41549697025562,4.00071267280599,2.33444365657886,4.25523429135794,4.62849588549425,2.78080382409388,0.664338501777819,1.21693721041468,3.79699248120301,4.86842105263158,1.43617021276596,2.72727272727273,3.03501945525292,6.55888460397508,4.73563218390805,2.09736767619587,5.875,0.973360655737705,"Seine-Maritime",1.43835616438356,NA
"77",2.63390134926882,4.92577719172061,2.89592760180996,3.50070389488503,3.54545454545455,3.8480194017785,5.4838167954403,5.45063582386868,5.59656753262019,3.20512820512821,4.06091370558376,5,6.37426900584795,2.7027027027027,5.24743230625584,4.4,2.79620853080569,2.5130890052356,1.99134199134199,1.08374384236453,1.20481927710843,1.29770992366412,2.5,5.30489004034646,1.55495978552279,7.2680412371134,2.8328611898017,4.28571428571428,6.21621621621621,2.14285714285714,4.77987421383648,2.48904818797292,NA,0.862068965517241,0.00566919929865576,NA,2.16596492277412,6.8835318780538,3.5869399145616,5.11142568951651,4.68618274923761,2.04108617370639,2.28177401771589,1.74412103974007,7.02766429481821,1.98693183049677,3.54103210271212,6.43960047574159,3.51170075954363,4.81122717257699,0.63763419008317,1.1254610648028,5.15037593984962,2.89473684210526,4.60992907801419,3.09477756286267,0.933852140077821,5.34559477899733,3.04022988505747,3.42768185677894,2.28125,3.08401639344262,"Seine-et-Marne",2.67123287671233,NA
"78",2.71638746299766,5.14165268121154,3.710407239819,3.56640075082121,3,3.68633791430881,5.48203611452529,4.91194206165986,5.39908310802868,2.82051282051282,3.60406091370558,4.6,8.18713450292398,2.97297297297297,8.50606909430439,3.2,1.99052132701422,1.46596858638743,1.03896103896104,0.344827586206897,0.301204819277108,0,0.450000000000001,5.35538334740594,4.93297587131367,6.49484536082474,3.62606232294618,9.28571428571428,9.72972972972973,0,1.13207547169811,2.21027479091995,NA,0.280172413793103,1.34418468731736,NA,1.06083000252611,5.50978377379706,2.3558135291573,4.04077141542725,3.70694330915709,2.92485249073351,2.20646604319396,1.41387406926932,6.85092199019389,1.26747076109813,1.87789360433024,4.64127342159293,1.70701352982329,3.89050563044618,0.64294804785945,0.947152101942314,3.27067669172932,0.789473684210527,9.48581560283688,5.89941972920696,1.08949416342412,2.44141204390389,7.8735632183908,2.58420605717521,1.1875,4.61065573770492,"Yvelines",2.26027397260274,NA
"79",0.302670820537268,1.2208848252363,1.22171945701357,0.788362271234162,1.90909090909091,0.844785772029103,1.28140983601811,0.823521236594424,0.898083930880451,1.41025641025641,0.862944162436548,6.6,8.30409356725146,2.43243243243243,2.98786181139122,1.6,3.03317535545024,2.67015706806283,1.2987012987013,1.13300492610837,1.56626506024096,5.11450381679389,4.5,1.27533139734568,0.563002680965148,9.30412371134021,0.764872521246459,6.78571428571428,4.05405405405405,5,5.72327044025157,0.234966148944644,NA,0.0862068965517241,0.00888369374634717,NA,0.673903801900738,2.64100340235435,0.760522559697866,1.34120703080603,3.13328762242239,0.527862681154266,3.64838101814007,1.0409144305175,0.136810349598048,4.3615036102834,0.885236390807324,2.51304173189093,1.04779476045301,1.66857624371772,0.270828645936501,0.202205462764511,4.77443609022556,7.23684210526316,2.62411347517731,4.6615087040619,4.43579766536965,5.19430436072382,7.60344827586207,1.4350410416077,3.03125,0,"Deux-Sèvres",4.45205479452055,NA
"80",0.54092708183199,1.99071147824444,1.99095022624434,1.27170342562177,2.72727272727273,2.00080840743735,1.99886499688019,1.82084205162257,1.60220994475138,5.76923076923077,3.50253807106599,5.2,4.7953216374269,2.16216216216216,2.37161531279178,3.2,7.67772511848341,5.44502617801047,3.67965367965368,3.10344827586207,2.59036144578313,3.2824427480916,7.25,1.9873643468619,0.777479892761394,6.82989690721649,3.28611898016997,1.07142857142857,1.89189189189189,7.14285714285714,8.11320754716981,0.37037037037037,NA,0.0862068965517241,0.00566919929865576,NA,3.96208810095316,2.80972968038125,5.29155704637041,6.25992706577431,6.87276634494841,0.558933371087466,4.53539848091823,0.940717784244002,3.60970834423059,5.84755026246587,1.50905412025083,4.38126253983371,2.16616389446362,3.01742047991329,0.607793836472465,0.699188334110059,3.64661654135338,3.42105263157895,1.48936170212766,0.483558994197292,1.16731517509728,8.08365470186888,4.64942528735632,1.06142088876309,4.28125,1.44467213114754,"Somme",2.19178082191781,NA
"81",0.503786156967527,1.32883619217832,1.04072398190045,1.08869075551384,2.45454545454545,1.0266774454325,1.34390739301076,1.13792011859447,1.12378041612789,4.74358974358974,1.6243654822335,5.6,7.07602339181287,6.21621621621622,2.53034547152194,4,6.16113744075829,4.81675392670157,3.33333333333333,2.85714285714286,3.13253012048193,5.57251908396947,6.55,1.36059628270201,0.804289544235925,8.6340206185567,1.21813031161473,7.14285714285714,8.64864864864865,2.85714285714286,3.45911949685535,0.633213859020311,NA,2.09051724137931,0.0670952659263589,NA,1.70477023031906,4.40926523176742,1.59320638506298,1.70952517720667,3.34854902306586,1.04210814271522,1.62523306207843,0.779325932680389,1.3355669456109,2.49621497632722,0.845586328611169,0.923356812070372,1.69957773188289,1.27887966170805,0.279078366774727,0.36178318802754,4.96240601503759,4.21052631578947,2.4645390070922,2.59187620889749,6.14785992217899,5.6541085731237,2.1551724137931,2.06906311916218,3.4375,2.77663934426229,"Tarn",5.13698630136986,NA
"82",0.30998813707773,0.717580988499233,0.361990950226244,0.614734866259972,1.27272727272727,0.61034761519806,0.794313981819682,0.722839472810519,0.792288703420712,5.64102564102564,1.77664974619289,5.8,6.95906432748538,5.94594594594595,2.33426704014939,5.2,5.07109004739337,4.92146596858639,3.76623376623377,3.34975369458128,3.6144578313253,7.02290076335878,5.8,0.775592212197395,0.563002680965148,8.60824742268041,1.24645892351275,3.92857142857142,7.2972972972973,2.85714285714286,5.53459119496855,0.33452807646356,NA,1.05603448275862,0.0226183518410286,NA,2.00209514465987,5.51956375958663,2.23881386726714,2.62532026503811,2.38001604186241,1.47553898967357,2.38544286728507,0.181714293763985,0,2.39991568501852,0.75722856504477,1.83427169426976,1.61119835883986,1.76793764264759,0.319060223192469,0.273513181974717,5.37593984962406,3.15789473684211,2.02127659574468,1.70212765957447,4.47470817120623,6.93859388905369,1.17816091954023,1.51712425700538,4,3.92418032786885,"Tarn-et-Garonne",4.79452054794521,NA
"83",2.26049646884043,4.36472432306765,1.76470588235294,4.36884091975598,2.63636363636364,4.25626515763945,4.2900222512729,3.89887041855509,4.6890795815211,3.97435897435897,1.6751269035533,4.4,7.13450292397661,9.18918918918919,3.828197945845,4.8,4.83412322274881,4.81675392670157,3.76623376623377,3.20197044334975,3.43373493975904,3.89312977099237,5.2,4.45370354287981,1.28686327077748,6.46907216494845,3.37110481586402,6.42857142857143,6.75675675675676,2.85714285714286,4.27672955974843,2.63639984070092,NA,0.0862068965517241,10,NA,4.98357502952249,5.39375318116268,5.23121020766126,4.85687202888387,6.7381072088188,2.59358113503778,4.82296499526504,3.05709760746179,5.85038654636184,1.37610405508405,2.4154906099736,3.08751607654482,3.55534532201736,4.0717695173249,1.20308410444696,0.904552687685411,6.16541353383459,1.57894736842105,3.12056737588653,2.06963249516441,0,7.43696232571937,2.33333333333333,0.325502405887348,1.78125,9.23155737704918,"Var",9.45205479452055,NA
"84",1.0016962870162,1.99873949274573,1.53846153846154,2.17738151102769,1.72727272727273,1.72594987873888,2.01305253587782,1.91619632943938,2.38391912542612,7.05128205128205,2.28426395939086,4,7.13450292397661,8.10810810810811,2.19421101774043,6.8,6.77725118483412,6.96335078534031,6.06060606060606,4.82758620689655,5.78313253012048,6.10687022900763,7.15,2.04406566371077,1.17962466487936,5.87628865979381,4.07932011331445,4.99999999999999,6.21621621621621,3.57142857142857,5.40880503144654,1.22660294703305,NA,0.301724137931034,0.104734073641146,NA,4.21196196262684,7.09904247794678,3.72695477792889,2.82208689532682,5.22788150082819,1.60737875266722,5.12053697796129,3.89791180510697,5.3644691890406,1.17765487655999,2.43857744860944,4.09537350646014,4.14525702415295,3.93670186813574,0.932209123704911,0.682884320981886,5.11278195488722,2.5,1.68439716312057,2.99806576402321,1.1284046692607,7.08691782853753,1.32183908045977,1.9784885366544,2.65625,5.93237704918033,"Vaucluse",9.17808219178082,NA
"85",0.763218288856614,2.53330172983733,2.35294117647059,1.94274988268419,2.18181818181818,1.64915117219078,2.69637074066192,1.42089455438282,2.568473022217,1.28205128205128,0,7.4,10,1.62162162162162,3.52007469654529,2.8,0,0.0523560209424082,0,0.0985221674876853,0,2.51908396946565,2.65,2.67457086011752,0.268096514745308,10,0,6.42857142857143,5.94594594594595,4.28571428571429,5.34591194968553,0.896057347670251,NA,0.0862068965517241,0.00999415546464056,NA,0.341834233817045,1.38424148953609,0.21278855717049,0.66446449441554,2.74557311084329,0.623346108465262,1.35770417825582,0.468623566314657,0.2875905989655,2.53580912657478,0.238116046073692,2.23382893998277,1.37586092231215,1.43957399915751,0.334065991868055,0.118562688527276,5.22556390977444,5,4.25531914893617,4.39071566731141,3.03501945525292,5.23286858498962,9.1551724137931,0.186810076422304,2.28125,1.91598360655738,"Vendée",2.67123287671233,NA
"86",0.461101810481502,1.55869713679591,1.17647058823529,0.929141248240263,1.54545454545455,1.36216653193209,1.45318039745377,1.16633337708563,1.12848242623722,2.30769230769231,3.45177664974619,6,5.2046783625731,3.51351351351351,2.98786181139122,2.4,7.6303317535545,3.97905759162304,2.55411255411255,2.06896551724138,1.74698795180723,4.42748091603054,6.35,1.46149885336714,1.17962466487936,7.24226804123711,2.91784702549575,6.42857142857143,5.67567567567567,3.57142857142857,5.09433962264151,0.493827160493827,NA,0.754310344827586,0.00660432495616598,NA,1.45397897863383,3.09813787714179,1.40238328951751,1.64338947046954,3.90776207795343,1.63148585443025,4.39398113637212,1.33834509947818,1.71163691856653,4.18444541937077,1.05230102366076,4.2283276461871,2.18693600572432,1.50427133882892,0.440762240777446,0.374691681422746,4.84962406015038,6.84210526315789,2.35815602836879,4.23597678916828,3.92996108949416,5.2981311183625,5.5,2.11151995471271,4.875,0.932377049180328,"Vienne",4.52054794520548,NA
"87",0.378172223022939,1.34560965686595,0.950226244343891,0.943219145940873,1.90909090909091,1.31366208569119,1.18885785967945,1.00851625655319,0.955683554719643,2.94871794871795,2.94416243654822,5.4,5.43859649122807,5.40540540540541,2.91316526610644,1.6,8.15165876777251,5.34031413612565,3.59307359307359,3.05418719211823,2.46987951807229,4.50381679389313,6.35,1.24168039843321,1.0455764075067,7.5,2.54957507082153,6.42857142857143,5.40540540540541,4.28571428571429,4.52830188679246,0.318598168060534,NA,2.71551724137931,0.0397428404441847,NA,1.50281619122235,2.75672125268036,1.0573214156275,0.89307167940239,3.62079365149294,1.30871313619298,2.41653057527296,1.00974964967659,1.05981213699034,1.57183285559651,1.28230393887666,2.65699045286054,2.13919886869059,1.05557223915988,0.362890126622803,0.336845215022791,3.19548872180451,5.26315789473684,3.10283687943262,2.82398452611219,7.19844357976654,5.01334915455355,4.29885057471264,2.14548542315313,8.625,1.12704918032787,"Haute-Vienne",3.83561643835616,NA
"88",0.323846691131634,1.21658021112588,1.31221719457014,1.34678554669169,2.18181818181818,0.917542441390461,1.18338552320893,1.00982882555958,0.999177148230869,4.48717948717949,2.03045685279188,4.6,6.54970760233918,5.13513513513514,2.36227824463119,3.6,5.59241706161138,5.07853403141361,3.59307359307359,2.80788177339902,2.53012048192771,3.12977099236641,6.7,1.23714205192653,0.187667560321716,7.96391752577319,2.03966005665722,3.21428571428571,4.59459459459459,5.71428571428571,6.0377358490566,0.27479091995221,NA,4.97844827586207,0.0727060198714202,NA,2.42670210957903,2.46407084513239,2.29289002738577,2.2001684644652,3.51110277529614,0.389847715745421,2.01825685534497,1.99682466635344,3.32480307164113,3.13099725174008,0.722161730233531,2.54633364212441,1.32290721522707,1.45019309561988,0.267936377765704,0.208138656466469,7.93233082706767,6.44736842105263,2.87234042553191,2.45647969052224,2.2568093385214,7.91753188964699,3.18390804597701,0.642513444664591,2.125,2.28483606557377,"Vosges",3.21917808219178,NA
"89",0.322183664645166,1.07146749199015,0.542986425339367,0.877522290004693,2.45454545454545,0.573969280517381,1.05262853114092,0.928295127280589,1.03796873163277,3.58974358974359,1.87817258883249,3.8,6.37426900584795,5.67567567567568,2.72642390289449,2.8,3.88625592417062,4.81675392670157,3.54978354978355,3.10344827586207,2.16867469879518,2.36641221374046,5.1,1.10602305816199,0.402144772117963,8.76288659793815,1.07648725212465,1.07142857142857,0.810810810810803,6.42857142857143,10,0.473914774990044,NA,1.20689655172414,0.0284628872004676,NA,3.745748134365,3.41478749221398,5.00742649912489,5.96422432517058,4.60813205562106,2.15925541974261,3.24547315098615,1.37986955973576,5.59024884529607,6.76756353206519,1.52384450932883,4.84729965438849,1.19906454809913,3.76885189032873,0.368481334260635,0.330092321004764,6.35338345864662,4.73684210526316,4.09574468085107,1.76015473887814,1.36186770428016,7.62681696825868,2.54597701149425,1.17180866119445,3.34375,3.16598360655738,"Yonne",3.49315068493151,NA
"90",0.0815991662693881,0.258930712059458,0,0.0469263256687001,0,0.125303152789006,0.253681883526096,0.314321672058494,0.358528270835782,5.38461538461539,3.50253807106599,5.8,6.25730994152047,5.94594594594595,3.64145658263305,6,6.30331753554502,5.34031413612565,4.24242424242424,3.00492610837438,2.46987951807229,3.05343511450382,6.5,0.241518474712165,1.44772117962466,5.85051546391753,4.44759206798867,0.714285714285712,4.86486486486486,4.28571428571429,6.0377358490566,0,NA,7.06896551724138,0.0659263588544711,NA,4.19106222334505,2.99352962907206,4.52471824691262,4.44125426972678,4.94754478011673,0.225507450483611,3.67453021893122,1.84761488875043,3.06071498733455,3.08124136177102,1.55226342329308,0.269797282098535,0.798060416101724,0.666163543753003,0.56870500052166,0.481434578102753,6.39097744360902,5.13157894736842,3.19148936170213,3.05609284332689,2.17898832684825,6.47582319786414,2.50574712643678,2.03792810642513,2.875,3.87295081967213,"Territoire-de-Belfort",4.17808219178082,NA
"91",2.48489417608124,4.52711906889562,2.53393665158371,3.00328484279681,2.81818181818182,3.07194826192401,4.86324225801922,4.9971046271918,4.74080169272364,2.82051282051282,4.51776649746193,4.4,6.4327485380117,2.7027027027027,5.62091503267974,4,3.45971563981043,3.66492146596859,3.03030303030303,1.82266009852217,1.3855421686747,0.534351145038168,2.55,4.77249156904086,2.81501340482574,6.39175257731959,3.82436260623229,7.49999999999999,8.37837837837837,1.42857142857143,2.32704402515723,2.42532855436081,NA,0.732758620689655,0.00368205727644652,NA,2.40349747716088,6.61313759075382,4.05604247754893,5.74986044047567,5.32301684367346,2.03035309288181,3.32755258961225,3.00483248896098,3.9179460277015,1.16760715490353,3.72719805822948,6.84758623293076,3.09049082738019,5.36225224266104,0.674539259226474,1.48912362505621,6.20300751879699,3.15789473684211,4.57446808510638,4.8936170212766,1.51750972762646,3.6339365173539,4.5632183908046,4.0645343900368,3.3125,2.41803278688525,"Essonne",2.80821917808219,NA
"92",4.00567646374048,6.3783664988412,3.66515837104072,4.01689347724073,3.72727272727273,4.21584478577203,5.83168656541396,6.23972142653088,6.41824379922417,2.17948717948718,6.29441624365482,4.4,4.91228070175438,4.59459459459459,9.9906629318394,4,1.99052132701422,0.890052356020942,1.6017316017316,1.67487684729064,2.83132530120482,3.05343511450382,0.75,6.10261929828198,7.77479892761394,2.47422680412371,7.93201133144476,8.92857142857143,9.72972972972973,0,0.943396226415094,3.09438470728793,NA,0.538793103448276,0.00350672121566335,NA,1.64430885088937,4.91825195637904,2.57832946761336,3.75247373996712,5.24964010639367,5.69552588295696,2.27081594372097,2.50787407168194,3.24729718293546,0.421945430838348,3.17328168465548,2.98735845827768,3.19811284059343,4.96013482078511,1.64277613887818,2.09912327035241,1.31578947368421,0,8.97163120567376,7.04061895551257,1.59533073929961,0.839513497478493,10,3.39937729974526,1.53125,3.95491803278688,"Hauts-de-Seine",0,NA
"93",4.4817455126002,5.60539765916174,4.29864253393665,4.70201783200375,1.63636363636364,3.42764753435732,5.80798758445567,7.91795671610677,5.88456565181615,7.82051282051282,7.76649746192894,0,5.49707602339181,2.43243243243243,0,10,8.38862559241706,10,10,10,10,10,8.35,5.94755352307357,1.98391420911528,1.18556701030928,9.4900849858357,4.99999999999999,6.48648648648648,2.85714285714286,3.71069182389937,5.6710473914775,NA,0.560344827586207,0.000701344243132671,NA,8.47113144375512,8.97061130298183,10,10,8.55329649912745,2.73839541009445,5.08105110060578,10,10,4.3704171878468,10,7.69983431351457,8.35992017041551,6.92680526875482,2.15465626249547,6.70154307910087,0.93984962406015,2.5,0.443262411347518,2.16634429400387,0.505836575875487,1.880747552655,0.321839080459769,10,2.90625,0.932377049180328,"Seine-Saint-Denis",1.3013698630137,NA
"94",3.22028448839762,5.21375042682882,3.16742081447964,3.72595025809479,3.09090909090909,3.45189975747777,4.99533114150333,6.14853648555788,5.31562242858822,3.71794871794872,6.85279187817259,2.8,4.50292397660819,4.05405405405405,4.90196078431372,5.2,4.83412322274881,4.3979057591623,4.28571428571428,4.13793103448276,4.21686746987952,3.43511450381679,3.2,5.17079030541951,4.15549597855228,2.86082474226804,7.53541076487252,9.28571428571428,9.72972972972973,1.42857142857143,0.188679245283019,3.29749103942652,NA,0.668103448275862,0.000642898889538282,NA,3.44043029730353,7.04868030985277,4.58740495039054,5.50890140489359,5.57024174089047,3.59791541379904,3.56585819904067,5.50373842367988,5.42816812427353,1.40292582729613,5.29698102671495,5.74326163619653,4.20521997041654,6.0287623538756,1.54869919244901,2.46575383439914,2.55639097744361,1.97368421052632,4.52127659574468,5.76402321083172,1.75097276264591,1.86294867991694,5.39655172413793,5.35239173506935,4.15625,3.20696721311475,"Val-de-Marne",1.3013698630137,NA
"95",2.55817820991829,4.12136832239925,2.62443438914027,2.96574378226185,2,2.95068714632175,4.55047940852439,4.98861153362107,5.03585282708358,4.87179487179487,5.17766497461929,2.4,7.19298245614035,2.16216216216216,3.98692810457516,6,4.54976303317535,5.13089005235602,4.80519480519481,4.03940886699507,3.85542168674699,3.3587786259542,3.7,4.45904870654323,2.19839142091153,5.64432989690722,4.58923512747875,4.99999999999999,6.48648648648648,2.14285714285714,3.89937106918239,2.27797690163282,NA,0.280172413793103,0.00566919929865576,NA,3.53576899732539,6.84772027963158,4.72783745734605,5.66960326187686,6.3306979574126,2.19815717668174,3.08994457149973,3.14350374744314,6.2620664073499,2.25500097123344,6.02800711355827,7.50763403059135,5.16284744574051,7.55169860020396,1.12009928460974,2.56894641920984,2.96992481203008,1.97368421052632,3.58156028368794,2.84332688588008,0.778210116731517,3.45891426876298,3.66666666666667,5.49391452023776,2.15625,2.92008196721311,"Val-d'Oise",1.64383561643836,NA
